-368,899,-134,-145,270,77,8,-12,-19,2723,13325,-3829,5992,-0.32180240750312805,-0.6836228370666504,-0.4481702446937561,-0.4742092490196228
-350,896,-156,-148,270,86,24,-10,1,2723,13281,-3792,5989,-0.32233095169067383,-0.6837062239646912,-0.44721904397010803,-0.47462329268455505
-339,889,-155,-148,270,86,10,1,7,2723,13324,-3804,6004,-0.32454732060432434,-0.6842585802078247,-0.4469982087612152,-0.47251999378204346
-325,893,-152,-148,270,86,8,-7,15,2723,13362,-3815,6017,-0.3266775608062744,-0.6844810843467712,-0.44720229506492615,-0.47053420543670654
-317,905,-163,-148,270,86,5,-13,6,2723,13425,-3854,6039,-0.3290322721004486,-0.684623122215271,-0.4479033052921295,-0.4680124521255493
-324,914,-164,-148,270,86,-10,-12,-13,2723,13479,-3881,6051,-0.33065223693847656,-0.6851221919059753,-0.4482203423976898,-0.46583080291748047
-344,907,-146,-148,270,86,-23,-11,-13,2723,13465,-3870,6039,-0.3293522000312805,-0.6853201389312744,-0.44797390699386597,-0.4666964113712311
-340,904,-151,-148,270,86,-31,-4,-4,2723,13437,-3865,6030,-0.3273216784000397,-0.6850574612617493,-0.4477427005767822,-0.4687330424785614
-348,897,-130,-141,278,86,-25,5,1,2723,13407,-3866,6040,-0.32789507508277893,-0.6828007102012634,-0.44944822788238525,-0.4699937701225281
-347,902,-123,-141,278,86,-5,8,9,2723,13402,-3888,6072,-0.32917293906211853,-0.6800997853279114,-0.45116519927978516,-0.47136905789375305
-336,890,-131,-141,278,86,3,8,6,2723,13382,-3872,6108,-0.3315850496292114,-0.678191065788269,-0.45096561312675476,-0.47261491417884827
-364,882,-140,-141,278,86,14,11,19,2723,13292,-3793,6104,-0.330453097820282,-0.677983283996582,-0.4489309787750244,-0.4756374955177307
-357,891,-132,-141,278,86,17,12,37,2723,13206,-3727,6114,-0.3310298025608063,-0.6764657497406006,-0.44734904170036316,-0.4788743257522583
-350,893,-138,-141,278,86,21,6,49,2723,13159,-3667,6130,-0.33257707953453064,-0.6761007308959961,-0.44555726647377014,-0.479988157749176
-346,896,-133,-141,278,86,25,7,65,2723,13147,-3655,6165,-0.33548396825790405,-0.6750273704528809,-0.44558289647102356,-0.4794456958770752
-310,914,-156,-143,274,88,15,-8,64,2723,13194,-3671,6181,-0.33789318799972534,-0.6754777431488037,-0.44568461179733276,-0.4770191013813019
-299,916,-160,-143,274,88,7,-20,32,2723,13262,-3709,6202,-0.340341180562973,-0.6757921576499939,-0.44624170660972595,-0.474305123090744
-306,922,-151,-143,274,88,-2,-26,-1,2723,13327,-3748,6219,-0.3422447144985199,-0.6760832071304321,-0.4469049274921417,-0.47188910841941833
-314,899,-156,-143,274,88,-2,-27,-19,2723,13354,-3754,6215,-0.34239840507507324,-0.6772825717926025,-0.4461384117603302,-0.4707813560962677
-358,888,-143,-143,274,88,-3,-19,-22,2723,13307,-3708,6187,-0.3400222957134247,-0.6783499717712402,-0.44431912899017334,-0.4726881682872772
-374,881,-108,-143,274,88,7,1,-5,2723,13224,-3655,6161,-0.3372563123703003,-0.6781927943229675,-0.44327110052108765,-0.4758703112602234
-377,875,-138,-143,274,88,10,17,28,2729,13142,-3596,6135,-0.3350089490413666,-0.6780669689178467,-0.4418955445289612,-0.47890761494636536
-364,904,-151,-141,273,93,11,20,54,2729,13096,-3559,6153,-0.33671674132347107,-0.6763525009155273,-0.4419268071651459,-0.4801039695739746
-326,911,-151,-141,273,93,13,13,61,2729,13149,-3598,6190,-0.34003621339797974,-0.6757159233093262,-0.44310668110847473,-0.47756150364875793
-299,912,-167,-141,273,93,2,-7,44,2729,13219,-3642,6218,-0.34282904863357544,-0.6756778359413147,-0.443954199552536,-0.4748229384422302
-301,920,-155,-141,273,93,-5,-14,20,2729,13293,-3694,6246,-0.3453495502471924,-0.6752191781997681,-0.44542619585990906,-0.47226327657699585
-312,904,-151,-141,273,93,-11,-25,-1,2729,13332,-3718,6252,-0.3453081250190735,-0.6756308674812317,-0.4454778730869293,-0.47165560722351074
-358,887,-133,-141,273,93,-9,-16,-4,2729,13258,-3670,6224,-0.342489629983902,-0.6760117411613464,-0.443995863199234,-0.4745563268661499
-357,889,-130,-151,272,82,-4,2,19,2729,13183,-3607,6192,-0.3398444354534149,-0.6770535707473755,-0.4420619606971741,-0.47677239775657654
-369,895,-132,-151,272,82,3,14,47,2729,13123,-3562,6154,-0.3367861807346344,-0.678247332572937,-0.44052839279174805,-0.4786601960659027
-334,897,-149,-151,272,82,9,17,61,2729,13108,-3543,6125,-0.3352644741535187,-0.6793407797813416,-0.4402312934398651,-0.47844937443733215
-309,909,-147,-151,272,82,12,15,54,2729,13177,-3612,6133,-0.33615174889564514,-0.6793490052223206,-0.44214314222335815,-0.476046621799469
-303,914,-171,-151,272,82,11,-1,32,2729,13242,-3651,6141,-0.33750396966934204,-0.680217981338501,-0.44253551959991455,-0.4734770357608795
-326,918,-140,-151,272,82,6,-9,13,2729,13287,-3688,6134,-0.3362995684146881,-0.6805660724639893,-0.44368186593055725,-0.47276434302330017
-330,907,-156,-151,272,82,6,-15,10,2729,13298,-3707,6115,-0.3349090814590454,-0.6817482709884644,-0.4435483515262604,-0.4721686542034149
-339,893,-124,-143,271,88,-2,-12,9,2729,13289,-3720,6108,-0.3336549997329712,-0.6804118156433105,-0.4450126588344574,-0.4736115634441376
-367,886,-133,-143,271,88,6,-2,24,2729,13208,-3670,6098,-0.33181869983673096,-0.67961585521698,-0.4439487159252167,-0.47703033685684204
-357,881,-129,-143,271,88,14,11,45,2729,13137,-3635,6100,-0.33103039860725403,-0.6785284280776978,-0.44340887665748596,-0.47961461544036865
-350,892,-143,-143,271,88,5,22,67,2729,13134,-3606,6105,-0.33296602964401245,-0.6790767908096313,-0.44232237339019775,-0.4785008728504181
-339,899,-149,-143,271,88,-1,14,79,2729,13175,-3619,6127,-0.335599809885025,-0.6789039969444275,-0.44274193048477173,-0.4765162467956543
-324,908,-164,-143,271,88,-6,13,76,2729,13241,-3662,6153,-0.3382081985473633,-0.6788085699081421,-0.44373321533203125,-0.47387802600860596
-319,909,-139,-143,271,88,-3,11,66,2729,13316,-3728,6183,-0.3401538133621216,-0.6778480410575867,-0.44598862528800964,-0.47173649072647095
-316,913,-144,-145,273,92,7,-2,53,2729,13350,-3780,6194,-0.339560329914093,-0.6769770383834839,-0.44777512550354004,-0.4717213213443756
-329,903,-145,-145,273,92,10,3,47,2729,13360,-3799,6186,-0.33848538994789124,-0.6771507859230042,-0.4482557475566864,-0.4717888832092285
-334,902,-131,-145,273,92,17,-9,45,2729,13325,-3781,6165,-0.3368488848209381,-0.6773843765258789,-0.4480120539665222,-0.4728541374206543
-325,889,-137,-145,273,92,19,-7,48,2729,13347,-3798,6167,-0.33680281043052673,-0.6770256161689758,-0.4490056335926056,-0.47245949506759644
-338,904,-141,-145,273,92,19,0,45,2729,13331,-3798,6157,-0.3356749713420868,-0.67743980884552,-0.4485965371131897,-0.47305551171302795
-329,908,-149,-145,273,92,16,2,54,2729,13341,-3789,6150,-0.336232990026474,-0.6784957051277161,-0.4477595090866089,-0.4719379246234894
-333,897,-140,-145,273,92,12,11,59,2729,13338,-3778,6144,-0.3354009985923767,-0.6790125966072083,-0.4469536542892456,-0.472552627325058
-342,887,-137,-139,271,92,10,20,70,2729,13280,-3739,6164,-0.33724305033683777,-0.6765548586845398,-0.4474899172782898,-0.47425898909568787
-327,899,-142,-139,271,92,10,19,74,2729,13315,-3766,6198,-0.3395201861858368,-0.6750840544700623,-0.44857364892959595,-0.4737052619457245
-320,897,-127,-139,271,92,28,6,66,2729,13330,-3810,6226,-0.34053003787994385,-0.6733967661857605,-0.45054295659065247,-0.47350868582725525
-309,906,-137,-139,271,92,35,5,55,2729,13379,-3843,6241,-0.34143564105033875,-0.6732730269432068,-0.4512963593006134,-0.4723132252693176
-333,902,-144,-139,271,92,38,10,53,2729,13367,-3822,6226,-0.3412781059741974,-0.6744347214698792,-0.45015859603881836,-0.4718548357486725
-324,909,-142,-139,271,92,36,-2,66,2729,13351,-3796,6217,-0.34117767214775085,-0.6753048896789551,-0.44890621304512024,-0.47187647223472595
-310,915,-155,-138,266,89,30,-3,57,2729,13404,-3819,6229,-0.34297603368759155,-0.6757339239120483,-0.44925472140312195,-0.46962112188339233
-328,898,-160,-138,266,89,45,-3,50,2729,13402,-3834,6226,-0.3419608771800995,-0.6756256222724915,-0.4495144486427307,-0.4702692925930023
-320,901,-130,-138,266,89,31,-8,56,2729,13376,-3812,6210,-0.3408873677253723,-0.6759021878242493,-0.4492599070072174,-0.47089314460754395
-323,912,-154,-138,266,89,32,9,54,2729,13406,-3817,6209,-0.34135767817497253,-0.6765182018280029,-0.449069082736969,-0.4698510468006134
-302,922,-174,-138,266,89,28,10,49,2729,13458,-3860,6224,-0.34311017394065857,-0.6768911480903625,-0.4495800733566284,-0.467541366815567
-305,929,-162,-138,266,89,3,0,46,2729,13499,-3871,6224,-0.34431391954421997,-0.6779794096946716,-0.44919610023498535,-0.46544378995895386
-303,923,-149,-138,266,89,-5,-9,35,2729,13564,-3933,6237,-0.3449481427669525,-0.6772984862327576,-0.45148801803588867,-0.4637446701526642
-285,910,-133,-137,274,84,10,-12,18,2729,13615,-4003,6250,-0.34452882409095764,-0.6756374835968018,-0.4542767405509949,-0.4637608230113983
-334,895,-126,-137,274,84,30,-3,-2,2729,13555,-3985,6235,-0.34174829721450806,-0.6750398874282837,-0.4542388916015625,-0.4667168855667114
-350,896,-142,-137,274,84,40,12,15,2729,13473,-3920,6204,-0.33913499116897583,-0.6760686635971069,-0.45209556818008423,-0.46920672059059143
-346,907,-153,-137,274,84,29,18,47,2729,13410,-3849,6178,-0.3386147618293762,-0.6774308085441589,-0.4497089087963104,-0.4699069559574127
-319,903,-160,-137,274,84,14,13,67,2729,13435,-3843,6188,-0.3406852185726166,-0.6781147718429565,-0.4490765631198883,-0.46802639961242676
-299,918,-148,-137,274,84,7,4,61,2729,13509,-3899,6219,-0.34351494908332825,-0.6773541569709778,-0.45068642497062683,-0.46550559997558594
-283,936,-166,-137,274,84,9,-12,27,2729,13587,-3953,6243,-0.34602513909339905,-0.6771612167358398,-0.45188453793525696,-0.4627571702003479
-299,919,-155,-135,277,89,10,-29,-3,2729,13652,-4002,6270,-0.34837305545806885,-0.6764288544654846,-0.45298755168914795,-0.4609832465648651
-309,908,-145,-135,277,89,11,-40,-14,2729,13613,-3989,6272,-0.346610963344574,-0.6752525568008423,-0.4531932771205902,-0.4638309180736542
-330,896,-126,-135,277,89,13,-29,-13,2729,13521,-3925,6254,-0.34440159797668457,-0.6751298904418945,-0.45170286297798157,-0.4670964181423187
-342,885,-125,-135,277,89,19,-9,2,2729,13427,-3862,6239,-0.34235310554504395,-0.674270510673523,-0.4510362446308136,-0.47047919034957886
-348,897,-122,-135,277,89,31,0,27,2729,13350,-3817,6229,-0.34061649441719055,-0.6733089685440063,-0.45048806071281433,-0.4736308753490448
-325,891,-144,-135,277,89,38,4,48,2729,13308,-3773,6239,-0.3420780897140503,-0.6732956171035767,-0.4487791061401367,-0.47421133518218994
-332,898,-153,-135,277,89,37,20,62,2729,13309,-3740,6246,-0.3440522253513336,-0.6741790771484375,-0.44694897532463074,-0.47325560450553894
-320,919,-164,-139,266,81,28,22,77,2729,13316,-3722,6236,-0.34370285272598267,-0.6759396195411682,-0.4457557201385498,-0.4721220135688782
-228,931,-121,-139,266,81,21,3,68,2729,13368,-3769,6241,-0.3440891206264496,-0.676050066947937,-0.44675856828689575,-0.47073444724082947
-275,911,-138,-139,266,81,13,-40,52,2729,13421,-3812,6254,-0.34593892097473145,-0.6751508712768555,-0.4491027593612671,-0.46843448281288147
-305,919,-174,-139,266,81,25,-17,20,2729,13466,-3837,6255,-0.34612736105918884,-0.6766305565834045,-0.448292076587677,-0.46693098545074463
-317,904,-165,-139,266,81,20,-47,28,2729,13458,-3812,6234,-0.3455370366573334,-0.6782506108283997,-0.4469171464443207,-0.46633484959602356
-326,905,-136,-139,266,81,4,-35,28,2729,13432,-3798,6211,-0.3428615629673004,-0.6786064505577087,-0.44662633538246155,-0.4680721163749695
-314,901,-129,-135,269,79,9,-25,46,2729,13394,-3795,6201,-0.34132352471351624,-0.6775856614112854,-0.4474153220653534,-0.46991288661956787
-325,905,-152,-135,269,79,8,-7,49,2729,13398,-3802,6208,-0.341979444026947,-0.6774506568908691,-0.4476265013217926,-0.4694293439388275
-293,916,-154,-135,269,79,4,-5,50,2729,13455,-3850,6231,-0.34418079257011414,-0.6763220429420471,-0.44980114698410034,-0.4673672020435333
-292,917,-154,-135,269,79,7,2,32,2729,13531,-3912,6251,-0.345603883266449,-0.6763193607330322,-0.45103076100349426,-0.4651279151439667
-303,911,-134,-135,269,79,9,0,17,2729,13566,-3961,6251,-0.34438425302505493,-0.6753535270690918,-0.45334532856941223,-0.4651898145675659
-295,901,-137,-135,269,79,20,-6,9,2729,13574,-3985,6238,-0.3434704542160034,-0.675884485244751,-0.45373862981796265,-0.46470674872398376
-321,923,-149,-135,269,79,13,6,5,2729,13572,-3969,6221,-0.3421979546546936,-0.6773187518119812,-0.45241501927375793,-0.4648500382900238
-332,913,-158,-135,270,83,2,6,25,2729,13526,-3921,6197,-0.34110087156295776,-0.678504228591919,-0.45064717531204224,-0.46564197540283203
-312,920,-162,-135,270,83,-7,8,29,2729,13546,-3928,6207,-0.3428269028663635,-0.6781450510025024,-0.45127370953559875,-0.4642898738384247
-295,921,-160,-135,270,83,-10,4,22,2729,13614,-3980,6229,-0.3448857367038727,-0.6778099536895752,-0.45258498191833496,-0.46197211742401123
-295,921,-164,-135,270,83,-12,-8,5,2729,13680,-4031,6245,-0.34624162316322327,-0.6779647469520569,-0.4534015357494354,-0.4599246382713318
-293,916,-144,-135,270,83,-11,-19,-8,2729,13710,-4069,6245,-0.34517902135849,-0.6774324774742126,-0.454929918050766,-0.46000003814697266
-311,907,-138,-135,270,83,-3,-22,-17,2729,13657,-4044,6221,-0.342349648475647,-0.6775244474411011,-0.45451679825782776,-0.4623836874961853
-326,891,-142,-135,270,83,8,-19,-12,2729,13573,-3983,6193,-0.339633047580719,-0.6779452562332153,-0.45295101404190063,-0.4652992784976959
-343,892,-134,-136,273,85,9,-8,4,2729,13482,-3921,6174,-0.337424099445343,-0.6773833632469177,-0.4519610106945038,-0.46867671608924866
-326,899,-148,-136,273,85,12,1,27,2729,13444,-3887,6177,-0.33849579095840454,-0.6771219968795776,-0.45128560066223145,-0.46892687678337097
-306,914,-148,-136,273,85,8,-2,34,2729,13502,-3924,6207,-0.34114891290664673,-0.6761649250984192,-0.45265963673591614,-0.46706125140190125
-296,925,-152,-136,273,85,-1,-1,28,2729,13572,-3985,6236,-0.3435605764389038,-0.6756520867347717,-0.4541053771972656,-0.46462106704711914
-288,919,-151,-136,273,85,-11,-4,19,2729,13642,-4039,6255,-0.34546416997909546,-0.6752893924713135,-0.45561328530311584,-0.46225544810295105
-295,911,-148,-136,273,85,-12,-8,5,2729,13691,-4080,6259,-0.34520280361175537,-0.6752182841300964,-0.4568183422088623,-0.46136394143104553
-303,914,-147,-136,273,85,3,-12,-9,2729,13679,-4086,6243,-0.34322938323020935,-0.6758080124855042,-0.4565260708332062,-0.4622609317302704
-315,905,-133,-146,274,84,12,-14,-13,2729,13626,-4045,6207,-0.33997419476509094,-0.6770196557044983,-0.45541414618492126,-0.46399009227752686
-341,898,-138,-146,274,84,24,4,1,2729,13560,-4000,6171,-0.3368254601955414,-0.6781629323959351,-0.4539342522621155,-0.46606096625328064
-320,906,-155,-146,274,84,24,4,18,2729,13534,-3965,6142,-0.33578839898109436,-0.6797853708267212,-0.4526670575141907,-0.4656752347946167
-319,923,-151,-146,274,84,9,12,26,2729,13557,-3972,6130,-0.3355143368244171,-0.680961549282074,-0.4523938000202179,-0.46441832184791565
-305,925,-151,-146,274,84,4,-2,28,2729,13608,-4009,6131,-0.336251437664032,-0.6814900636672974,-0.4531203508377075,-0.4623975157737732
-302,915,-151,-146,274,84,4,-2,16,2729,13659,-4045,6131,-0.3364780843257904,-0.6819612383842468,-0.4540182650089264,-0.4606536328792572
-309,910,-122,-146,274,84,14,-1,11,2729,13653,-4080,6124,-0.3341064453125,-0.6802179217338562,-0.4562441408634186,-0.46276089549064636
-322,906,-134,-142,273,88,24,2,13,2729,13613,-4078,6122,-0.3324888348579407,-0.6787622570991516,-0.4572935998439789,-0.46501919627189636
-343,897,-115,-142,273,88,34,12,26,2729,13555,-4061,6115,-0.330281138420105,-0.6781863570213318,-0.4570096731185913,-0.4677010476589203
-320,906,-144,-142,273,88,33,12,47,2729,13543,-4034,6109,-0.3314110338687897,-0.6785032153129578,-0.45660164952278137,-0.4668413996696472
-323,913,-162,-142,273,88,27,26,57,2729,13597,-4064,6124,-0.33322829008102417,-0.6792206168174744,-0.4564800560474396,-0.4646155536174774
-297,921,-154,-142,273,88,14,18,60,2729,13661,-4100,6139,-0.33555859327316284,-0.6793584227561951,-0.4573281705379486,-0.4618966281414032
-283,916,-156,-142,273,88,18,19,39,2729,13744,-4161,6161,-0.3376966416835785,-0.6794444918632507,-0.4584489166736603,-0.4590906798839569
-284,921,-164,-140,275,90,15,5,20,2729,13805,-4194,6170,-0.3395457863807678,-0.6799001693725586,-0.4588673412799835,-0.4566275477409363
-305,920,-151,-140,275,90,18,7,5,2729,13827,-4213,6172,-0.33890992403030396,-0.6800386905670166,-0.4589802920818329,-0.4567809998989105
-326,902,-159,-140,275,90,18,4,10,2729,13773,-4157,6147,-0.3373548686504364,-0.6813689470291138,-0.45680904388427734,-0.4581247568130493
-326,902,-138,-140,275,90,17,9,22,2729,13696,-4114,6136,-0.3352009057998657,-0.680259644985199,-0.45673465728759766,-0.46142202615737915
-311,905,-129,-140,275,90,22,14,49,2729,13642,-4093,6138,-0.33447715640068054,-0.678384006023407,-0.457510769367218,-0.46393096446990967
-304,915,-147,-140,275,90,22,25,50,2729,13669,-4130,6164,-0.3362143039703369,-0.6774194240570068,-0.45882612466812134,-0.4627789556980133
-304,914,-133,-140,275,90,30,20,46,2729,13713,-4178,6182,-0.337238609790802,-0.6763712167739868,-0.4606575667858124,-0.46174609661102295
-301,912,-142,-136,274,79,38,13,46,2729,13757,-4205,6187,-0.3381845951080322,-0.6767388582229614,-0.4611450433731079,-0.4600258767604828
-307,912,-139,-136,274,79,47,10,47,2729,13764,-4201,6177,-0.3378283977508545,-0.6779384613037109,-0.4601689875125885,-0.45949864387512207
-309,905,-144,-136,274,79,43,14,50,2729,13741,-4172,6160,-0.3363421857357025,-0.6784554719924927,-0.45929718017578125,-0.4607001543045044
-312,916,-142,-136,274,79,51,17,58,2729,13706,-4154,6155,-0.33591946959495544,-0.6786286234855652,-0.45873868465423584,-0.4613061249256134
-309,921,-160,-136,274,79,47,14,64,2729,13741,-4158,6159,-0.3377572298049927,-0.6793143153190613,-0.45851120352745056,-0.4591766893863678
-301,915,-153,-136,274,79,35,15,64,2729,13788,-4178,6168,-0.33925682306289673,-0.680180549621582,-0.45814791321754456,-0.4571464955806732
-276,922,-169,-136,274,79,23,10,61,2729,13845,-4205,6178,-0.3413051962852478,-0.6807781457901001,-0.4583289921283722,-0.4545440673828125
-281,913,-150,-132,271,81,19,11,39,2729,13921,-4266,6205,-0.3433077335357666,-0.6793676614761353,-0.4604516327381134,-0.45300012826919556
-268,912,-136,-132,271,81,29,-5,23,2729,13930,-4304,6217,-0.3428477644920349,-0.6782758235931396,-0.4617479741573334,-0.45366206765174866
-322,913,-154,-132,271,81,26,7,17,2729,13881,-4248,6192,-0.3411024808883667,-0.6797167062759399,-0.4595710337162018,-0.45503470301628113
-301,904,-134,-132,271,81,31,-8,37,2729,13813,-4218,6187,-0.33965831995010376,-0.6778978705406189,-0.4604862332344055,-0.45789632201194763
-314,908,-133,-132,271,81,50,1,35,2729,13759,-4191,6185,-0.3386456072330475,-0.677214503288269,-0.46000242233276367,-0.46013087034225464
-305,910,-142,-132,271,81,57,-4,44,2729,13724,-4161,6191,-0.3392902910709381,-0.6769567131996155,-0.45938408374786377,-0.46065303683280945
-314,918,-163,-132,271,81,51,2,54,2729,13755,-4161,6199,-0.3409574329853058,-0.6772876381874084,-0.45905622839927673,-0.459267258644104
-291,916,-157,-133,276,88,46,11,56,2729,13806,-4194,6231,-0.343961626291275,-0.6770923137664795,-0.45913103222846985,-0.45722898840904236
-302,916,-165,-133,276,88,42,16,60,2729,13834,-4187,6235,-0.34564390778541565,-0.6781980395317078,-0.4579048752784729,-0.4555477201938629
-298,920,-160,-133,276,88,32,9,61,2729,13858,-4188,6248,-0.3474279046058655,-0.6777694821357727,-0.4581519067287445,-0.45458462834358215
-270,921,-165,-133,276,88,27,2,52,2729,13925,-4246,6275,-0.34982603788375854,-0.6772609949111938,-0.45943957567214966,-0.4521925151348114
-275,928,-163,-133,276,88,27,-5,34,2729,13981,-4282,6285,-0.3507782518863678,-0.6776126027107239,-0.45980244874954224,-0.4505551755428314
-281,922,-165,-133,276,88,19,-17,20,2729,14002,-4294,6281,-0.35046568512916565,-0.6779556274414062,-0.4599161744117737,-0.45016908645629883
-285,911,-158,-130,276,91,22,-9,12,2729,13993,-4302,6286,-0.35017624497413635,-0.6771517992019653,-0.4603237509727478,-0.4511902332305908
-321,903,-120,-130,276,91,24,9,15,2729,13912,-4255,6275,-0.3480771780014038,-0.676433801651001,-0.4598962068557739,-0.4543173909187317
-340,875,-132,-130,276,91,43,24,52,2729,13824,-4191,6257,-0.3459010124206543,-0.6763296723365784,-0.4587666392326355,-0.4572683870792389
-331,900,-134,-130,276,91,64,39,84,2729,13754,-4150,6250,-0.3444974422454834,-0.6754339337348938,-0.4583173394203186,-0.46009328961372375
-318,914,-155,-130,276,91,73,49,95,2729,13695,-4096,6260,-0.3455105423927307,-0.6753213405609131,-0.45660877227783203,-0.4611896276473999
-278,930,-177,-130,276,91,62,29,115,2729,13738,-4101,6281,-0.3489304184913635,-0.6754105687141418,-0.45648542046546936,-0.45860064029693604
-256,946,-188,-130,276,91,45,24,93,2729,13829,-4161,6311,-0.3522067964076996,-0.6751552820205688,-0.45755302906036377,-0.4553964138031006
-232,940,-184,-133,275,80,22,-4,54,2729,13908,-4206,6328,-0.3545365035533905,-0.6756585836410522,-0.45800092816352844,-0.4523812234401703
-260,933,-184,-133,275,80,10,2,10,2729,13974,-4246,6334,-0.35560715198516846,-0.6766354441642761,-0.45796817541122437,-0.4501070976257324
-284,917,-167,-133,275,80,-8,-12,-2,2729,13956,-4214,6310,-0.35378560423851013,-0.6783158183097839,-0.4563949406147003,-0.45061296224594116
-311,902,-126,-133,275,80,-5,-10,3,2729,13886,-4172,6285,-0.3508828580379486,-0.6782404780387878,-0.45597556233406067,-0.4534163773059845
-321,904,-142,-133,275,80,14,0,15,2729,13806,-4125,6262,-0.3480047881603241,-0.6780169606208801,-0.45546531677246094,-0.45647141337394714
-302,911,-134,-133,275,80,30,9,38,2729,13740,-4099,6249,-0.34567496180534363,-0.6773478984832764,-0.45553725957870483,-0.4591500163078308
-275,924,-168,-133,275,80,35,16,46,2729,13771,-4121,6256,-0.34729787707328796,-0.6773609519004822,-0.45624038577079773,-0.45720332860946655
-257,942,-191,-125,275,82,7,13,28,2729,13846,-4166,6280,-0.3504224121570587,-0.6771558523178101,-0.45704761147499084,-0.45430946350097656
-258,936,-180,-125,275,82,-19,2,-1,2729,13926,-4220,6307,-0.3533247411251068,-0.6767419576644897,-0.4580855965614319,-0.45162418484687805
-276,909,-154,-125,275,82,-28,0,-19,2729,13977,-4267,6334,-0.3548004925251007,-0.6756580471992493,-0.45908549427986145,-0.4510721266269684
-303,911,-157,-125,275,82,-27,-1,-20,2729,13893,-4197,6316,-0.35246914625167847,-0.6758885979652405,-0.4574776887893677,-0.454184353351593
-319,907,-144,-125,275,82,-12,7,-5,2729,13801,-4140,6303,-0.3502771854400635,-0.6750695109367371,-0.45691150426864624,-0.45765557885169983
-299,907,-146,-125,275,82,-1,6,13,2729,13736,-4108,6311,-0.35014161467552185,-0.6729758977890015,-0.4573899805545807,-0.4603564739227295
-294,911,-162,-125,275,82,10,7,17,2729,13723,-4092,6332,-0.3514929413795471,-0.6730032563209534,-0.45649784803390503,-0.46016544103622437
-292,922,-168,-132,272,83,11,2,18,2729,13725,-4072,6315,-0.3516494333744049,-0.6744787096977234,-0.45547541975975037,-0.45889759063720703
-278,916,-165,-132,272,83,-1,-14,11,2729,13765,-4088,6313,-0.35217711329460144,-0.6756676435470581,-0.45494773983955383,-0.45726364850997925
-292,921,-159,-132,272,83,0,-8,8,2729,13780,-4091,6301,-0.351637601852417,-0.676616907119751,-0.45468777418136597,-0.45653271675109863
-292,913,-151,-132,272,83,8,-15,9,2729,13775,-4102,6288,-0.3498731255531311,-0.6760900020599365,-0.45600625872612,-0.45735636353492737
-303,911,-142,-132,272,83,7,2,11,2729,13735,-4092,6271,-0.34741485118865967,-0.6764202117919922,-0.4554332196712494,-0.45930710434913635
-300,911,-152,-132,272,83,14,2,26,2729,13695,-4064,6257,-0.34651678800582886,-0.6763736605644226,-0.45526233315467834,-0.4602211117744446
-304,916,-155,-126,273,92,6,4,32,2729,13728,-4091,6273,-0.34837549924850464,-0.6755018830299377,-0.4562213718891144,-0.459152489900589
-286,914,-156,-126,273,92,12,9,35,2729,13784,-4134,6315,-0.3517473638057709,-0.6736930012702942,-0.45768293738365173,-0.45778438448905945
-285,921,-143,-126,273,92,13,19,31,2729,13808,-4166,6355,-0.35340219736099243,-0.6719213724136353,-0.4583438038825989,-0.45844870805740356
-290,916,-144,-126,273,92,25,13,40,2729,13735,-4113,6365,-0.3533976972103119,-0.6707431077957153,-0.4575006663799286,-0.46101197600364685
-294,916,-148,-126,273,92,40,22,47,2729,13690,-4078,6372,-0.35407257080078125,-0.6700454354286194,-0.4571095407009125,-0.46189355850219727
-285,909,-143,-126,273,92,46,14,52,2729,13692,-4069,6390,-0.3555067479610443,-0.6694751381874084,-0.456699937582016,-0.4620237648487091
-295,916,-160,-126,273,92,54,3,54,2729,13679,-4037,6391,-0.356746107339859,-0.6702747941017151,-0.455369770526886,-0.4612217843532562
-277,920,-171,-130,273,84,56,-2,54,2729,13700,-4026,6386,-0.35734423995018005,-0.6720114350318909,-0.45383158326148987,-0.4597454071044922
-290,929,-157,-130,273,84,53,-5,53,2729,13710,-4018,6372,-0.357023686170578,-0.6731188893318176,-0.4534513056278229,-0.458747923374176
-284,919,-167,-130,273,84,47,-1,52,2729,13729,-4021,6362,-0.3567144572734833,-0.6745395660400391,-0.4524034261703491,-0.45793616771698
-290,919,-153,-130,273,84,51,11,52,2729,13700,-4004,6343,-0.3552820086479187,-0.6748236417770386,-0.45240673422813416,-0.458626925945282
-293,916,-149,-130,273,84,53,10,57,2729,13701,-4004,6336,-0.3540478050708771,-0.6749833822250366,-0.452277809381485,-0.4594782888889313
-289,916,-158,-130,273,84,57,21,71,2729,13666,-3990,6326,-0.3529689908027649,-0.6750182509422302,-0.45206138491630554,-0.46046438813209534
-296,919,-164,-130,273,84,50,7,92,2729,13668,-3967,6318,-0.35395580530166626,-0.6761979460716248,-0.45095324516296387,-0.4590601921081543
-264,924,-169,-137,274,86,45,6,90,2729,13746,-4027,6330,-0.35531938076019287,-0.6762591004371643,-0.45256301760673523,-0.45632484555244446
-259,933,-171,-137,274,86,45,-8,65,2729,13829,-4092,6339,-0.35650068521499634,-0.6766312122344971,-0.453769713640213,-0.45364516973495483
-281,920,-152,-137,274,86,41,-14,49,2729,13859,-4119,6325,-0.355135053396225,-0.6775420308113098,-0.454090416431427,-0.4530351161956787
-286,923,-160,-137,274,86,42,-7,58,2729,13841,-4110,6298,-0.35264986753463745,-0.6785574555397034,-0.45379838347435,-0.4537493884563446
-264,920,-154,-137,274,86,46,-3,57,2729,13867,-4149,6286,-0.35166090726852417,-0.6782910823822021,-0.45580026507377625,-0.4529075026512146
-293,916,-176,-137,274,86,48,8,63,2729,13887,-4160,6272,-0.35074594616889954,-0.6796104311943054,-0.4552760124206543,-0.4521655738353729
-281,922,-193,-137,274,86,51,7,65,2729,13913,-4184,6263,-0.3512369394302368,-0.6799795627593994,-0.4557989835739136,-0.45070284605026245
-266,924,-162,-126,280,81,44,22,62,2729,13988,-4248,6302,-0.3544039726257324,-0.6778628826141357,-0.45813295245170593,-0.44904565811157227
-262,928,-181,-126,280,81,43,15,64,2729,14048,-4285,6328,-0.3571431636810303,-0.6777587532997131,-0.4583912491798401,-0.4467587471008301
-268,919,-190,-126,280,81,29,6,46,2729,14099,-4306,6341,-0.35914725065231323,-0.6785244345664978,-0.4579032063484192,-0.44448426365852356
-247,932,-186,-126,280,81,7,7,36,2729,14167,-4345,6355,-0.3611186444759369,-0.6789703369140625,-0.45801860094070435,-0.4420798420906067
-246,939,-199,-126,280,81,-12,11,25,2729,14212,-4368,6360,-0.36237823963165283,-0.6794998049736023,-0.45809605717658997,-0.4401513934135437
-258,919,-208,-126,280,81,-59,11,-2,2729,14243,-4371,6358,-0.36292099952697754,-0.6808001399040222,-0.457007497549057,-0.4388253390789032
-282,906,-112,-136,280,86,-108,1,-15,2729,14175,-4331,6340,-0.3601085841655731,-0.680090606212616,-0.45733824372291565,-0.4418940246105194
-264,917,-161,-136,280,86,-110,53,-8,2729,14129,-4333,6317,-0.35632437467575073,-0.6795002222061157,-0.45903849601745605,-0.44409677386283875
-211,941,-213,-136,280,86,-109,64,-22,2729,14170,-4385,6309,-0.35632842779159546,-0.6796690225601196,-0.46034204959869385,-0.4424808919429779
-166,930,-296,-136,280,86,-288,28,-135,2729,14221,-4414,6307,-0.35688748955726624,-0.6805424094200134,-0.4605238437652588,-0.44049423933029175
-329,878,-137,-136,280,86,-392,181,-167,2729,14197,-4424,6278,-0.3528100550174713,-0.6809260249137878,-0.4613305926322937,-0.4423385262489319
-245,998,-261,-136,280,86,-437,121,-196,2729,14212,-4434,6260,-0.35145628452301025,-0.6812659502029419,-0.4621775448322296,-0.4420158863067627
-240,1031,-335,-136,280,86,-361,78,-166,2729,14198,-4458,6238,-0.3491569459438324,-0.6813200116157532,-0.46333256363868713,-0.4425375163555145
-267,898,-301,-136,280,86,-503,193,-230,2729,14216,-4492,6220,-0.34678661823272705,-0.6816736459732056,-0.46461138129234314,-0.4425159990787506
-398,913,-212,-136,280,86,-440,325,-141,2729,14167,-4496,6184,-0.3423965275287628,-0.6814569234848022,-0.46609148383140564,-0.44470635056495667
-259,869,72,-136,280,86,-556,219,-180,2729,14190,-4549,6178,-0.34031426906585693,-0.6797146201133728,-0.4693219065666199,-0.44558095932006836
-260,1037,-324,-136,280,86,-391,-35,-157,2729,14182,-4563,6154,-0.3380044102668762,-0.6797772645950317,-0.4701915383338928,-0.446326345205307
-368,953,-170,-136,280,86,-310,210,-127,2729,14141,-4580,6130,-0.3336533010005951,-0.6791431307792664,-0.4717217981815338,-0.44894179701805115
-281,921,-178,-136,280,86,-258,147,-47,2729,14103,-4585,6112,-0.3318062722682953,-0.6783866286277771,-0.4733162224292755,-0.4497702419757843
-300,910,-115,-136,280,86,-228,149,-72,2729,14117,-4641,6115,-0.3302196264266968,-0.676782488822937,-0.4758545160293579,-0.45067405700683594
-252,857,-43,-134,269,91,-279,42,-147,2729,14163,-4693,6124,-0.32994624972343445,-0.6753884553909302,-0.4781235158443451,-0.4505719542503357
-391,916,-32,-134,269,91,-124,6,-60,2729,14105,-4686,6108,-0.3267853558063507,-0.6743872761726379,-0.47879791259765625,-0.45364800095558167
-245,930,-108,-134,269,91,-32,-97,4,2729,14108,-4713,6125,-0.32782667875289917,-0.6721825003623962,-0.48098891973495483,-0.45384958386421204
-333,923,-60,-134,269,91,-5,-97,-39,2729,14088,-4731,6137,-0.3263218402862549,-0.6705183982849121,-0.4818406105041504,-0.45648452639579773
-285,932,-82,-134,269,91,26,-204,-10,2729,14010,-4689,6135,-0.32533812522888184,-0.6686714291572571,-0.4823717772960663,-0.4593260884284973
-282,923,-76,-134,269,91,23,-176,-21,2729,14006,-4729,6162,-0.3253573179244995,-0.6656274199485779,-0.48492124676704407,-0.4610467255115509
-195,943,-113,-134,269,91,58,-188,-39,2729,14063,-4782,6194,-0.3284427225589752,-0.6643375754356384,-0.4864096939563751,-0.4591444432735443
-159,967,-122,-130,266,91,85,-166,-141,2729,14128,-4828,6225,-0.33144986629486084,-0.6634090542793274,-0.48740261793136597,-0.45726943016052246
-196,983,-124,-130,266,91,143,-149,-213,2729,14184,-4872,6250,-0.3338082432746887,-0.6629123687744141,-0.488022118806839,-0.4556076228618622
-172,999,-183,-130,266,91,160,-217,-281,2729,14214,-4865,6261,-0.3360435962677002,-0.6639091968536377,-0.4866105914115906,-0.454019695520401
-248,1003,-126,-130,266,91,123,-213,-381,2735,14225,-4847,6264,-0.33702757954597473,-0.6651623845100403,-0.4850005805492401,-0.45317673683166504
-287,942,-157,-130,266,91,122,-278,-413,2735,14163,-4757,6246,-0.33650732040405273,-0.6675412058830261,-0.4811919629573822,-0.4541252553462982
-336,896,-106,-130,266,91,124,-267,-415,2735,14027,-4620,6213,-0.3335185945034027,-0.6692948937416077,-0.4770197570323944,-0.4581374526023865
-379,891,-79,-139,264,88,172,-265,-369,2735,13871,-4487,6183,-0.33025243878364563,-0.6702184677124023,-0.47345149517059326,-0.46283018589019775
-361,893,-98,-139,264,88,189,-270,-339,2735,13728,-4350,6144,-0.3272886276245117,-0.6720693707466125,-0.4690670073032379,-0.4666994512081146
-440,865,-71,-139,264,88,209,-252,-324,2735,13584,-4220,6109,-0.32430601119995117,-0.6731086373329163,-0.4652364253997803,-0.4710994362831116
-482,805,-47,-139,264,88,233,-232,-232,2735,13449,-4098,6079,-0.3218187689781189,-0.6739974617958069,-0.46152111887931824,-0.47517129778862
-485,818,-71,-139,264,88,235,-166,-112,2735,13332,-3992,6052,-0.3197213113307953,-0.6748573780059814,-0.4581187069416046,-0.4786461293697357
-467,844,-96,-139,264,88,221,-126,-8,2735,13231,-3894,6025,-0.3179989159107208,-0.6757538318634033,-0.45485720038414,-0.4816301167011261
-415,844,-98,-139,264,88,197,-82,81,2735,13142,-3814,6008,-0.3166970908641815,-0.6759380102157593,-0.45244115591049194,-0.48449718952178955
-388,889,-99,-141,270,94,193,-59,151,2735,13076,-3763,6013,-0.31722456216812134,-0.6745281219482422,-0.45189598202705383,-0.48662251234054565
-349,887,-119,-141,270,94,195,-39,179,2735,13108,-3780,6062,-0.3218913674354553,-0.6731428503990173,-0.452755868434906,-0.4846673011779785
-330,888,-114,-141,270,94,178,-6,181,2735,13180,-3822,6113,-0.32641246914863586,-0.6717112064361572,-0.45441558957099915,-0.48207247257232666
-330,913,-107,-141,270,94,178,28,193,2735,13235,-3879,6161,-0.32959890365600586,-0.66957026720047,-0.45686033368110657,-0.4805668294429779
-295,907,-153,-141,270,94,173,39,183,2735,13316,-3919,6188,-0.33243173360824585,-0.6706036925315857,-0.45651596784591675,-0.477489709854126
-311,915,-131,-141,270,94,151,48,164,2735,13384,-3948,6203,-0.3347804546356201,-0.6714467406272888,-0.4565441608428955,-0.47462818026542664
-317,907,-135,-141,270,94,163,53,157,2735,13434,-3973,6209,-0.3366484045982361,-0.6721780300140381,-0.456817626953125,-0.4720016121864319
-303,914,-153,-141,274,99,161,46,142,2735,13497,-3997,6223,-0.3385831415653229,-0.6730043292045593,-0.4563683867454529,-0.46987032890319824
-357,898,-137,-141,274,99,144,55,146,2735,13471,-3950,6204,-0.33800119161605835,-0.6748682260513306,-0.45389682054519653,-0.4700133502483368
-371,895,-138,-141,274,99,142,56,194,2735,13409,-3882,6179,-0.3367512822151184,-0.6762571334838867,-0.45130136609077454,-0.47141048312187195
-347,899,-122,-141,274,99,118,85,224,2735,13351,-3834,6173,-0.3361782133579254,-0.6754686832427979,-0.4505271017551422,-0.4736880660057068
-332,906,-149,-141,274,99,123,100,239,2735,13336,-3813,6180,-0.337632417678833,-0.675737202167511,-0.4496857225894928,-0.47306424379348755
-313,889,-121,-141,274,99,112,87,259,2735,13347,-3814,6200,-0.33896422386169434,-0.6744405627250671,-0.4503665566444397,-0.47331973910331726
-318,897,-126,-141,274,99,125,111,275,2735,13370,-3849,6231,-0.34036970138549805,-0.6732985377311707,-0.4513501524925232,-0.4729963541030884
-321,887,-120,-135,268,92,156,104,293,2735,13350,-3843,6244,-0.3409076929092407,-0.6722462177276611,-0.451810747385025,-0.47366446256637573
-346,875,-107,-135,268,92,164,105,307,2735,13326,-3808,6232,-0.3403000235557556,-0.6727034449577332,-0.4507239758968353,-0.4744932949542999
-336,925,-117,-135,268,92,216,105,361,2735,13310,-3811,6239,-0.34096935391426086,-0.67122483253479,-0.45214399695396423,-0.4747547507286072
-251,976,-192,-135,268,92,213,59,324,2735,13423,-3889,6282,-0.3454092741012573,-0.671220064163208,-0.4534146189689636,-0.4703148603439331
-219,967,-215,-135,268,92,185,-2,281,2735,13531,-3948,6315,-0.3494962155818939,-0.6715589761734009,-0.4540860056877136,-0.46614599227905273
-138,959,-201,-135,268,92,125,-32,209,2735,13629,-4004,6346,-0.35329633951187134,-0.6715670228004456,-0.4549282491207123,-0.46243464946746826
-245,944,-195,-130,278,91,109,-2,128,2735,13724,-4062,6372,-0.35638925433158875,-0.6719244122505188,-0.45544376969337463,-0.4590201675891876
-288,910,-158,-130,278,91,100,-6,118,2735,13765,-4074,6381,-0.35723844170570374,-0.6728318929672241,-0.45449960231781006,-0.4579658806324005
-316,913,-147,-130,278,91,104,15,131,2735,13691,-4015,6362,-0.355380654335022,-0.6730797290802002,-0.4531131982803345,-0.4604150652885437
-283,933,-176,-130,278,91,106,21,148,2735,13672,-3977,6358,-0.3567112684249878,-0.6740957498550415,-0.45169299840927124,-0.45929214358329773
-221,928,-227,-130,278,91,91,14,134,2735,13754,-4018,6380,-0.3598724901676178,-0.6745005249977112,-0.45201218128204346,-0.45590630173683167
-178,933,-205,-130,278,91,46,12,63,2735,13843,-4071,6402,-0.3628142476081848,-0.6746590733528137,-0.4527435898780823,-0.4526028633117676
-224,924,-196,-130,278,91,32,8,8,2735,13931,-4131,6422,-0.36505189538002014,-0.6745307445526123,-0.45402345061302185,-0.44970354437828064
-264,916,-167,-118,275,85,32,9,-24,2735,14000,-4192,6444,-0.3670341968536377,-0.6739312410354614,-0.4547761082649231,-0.4482235610485077
-289,916,-167,-118,275,85,34,12,-44,2735,13913,-4112,6446,-0.36668267846107483,-0.6730454564094543,-0.45353204011917114,-0.45110103487968445
-215,897,-189,-118,275,85,30,-19,-71,2735,13964,-4147,6470,-0.3693264424800873,-0.672869861125946,-0.45400771498680115,-0.4487169086933136
-199,836,-134,-118,275,85,30,-10,-184,2735,14034,-4211,6494,-0.37087559700012207,-0.6714916229248047,-0.4559934437274933,-0.44749313592910767
-165,693,-4,-118,275,85,95,-11,-264,2735,14014,-4223,6498,-0.3696727156639099,-0.6701554656028748,-0.45706793665885925,-0.449392706155777
-281,1571,-89,-118,275,85,356,-72,-565,2735,13976,-4205,6498,-0.3681361973285675,-0.6705418825149536,-0.4560008645057678,-0.4511544108390808
-439,897,-127,-118,275,85,271,-137,-158,2735,13865,-4092,6445,-0.36541488766670227,-0.6731103658676147,-0.4525059163570404,-0.45305344462394714
-31,949,-374,-132,281,89,234,-151,-153,2735,13871,-4048,6446,-0.36780375242233276,-0.6748548746109009,-0.45038554072380066,-0.4506317675113678
-260,798,-109,-132,281,89,132,43,-256,2735,13851,-4024,6419,-0.36589157581329346,-0.6761623620986938,-0.449628084897995,-0.45098429918289185
-411,995,-178,-132,281,89,150,204,-296,2735,13841,-4010,6403,-0.36383962631225586,-0.67750483751297,-0.4483965039253235,-0.45185866951942444
-216,954,-384,-132,281,89,144,-71,-116,2735,13794,-3941,6374,-0.36383336782455444,-0.6796536445617676,-0.4457167387008667,-0.45128411054611206
22,879,-319,-132,281,89,-99,-128,-293,2735,13833,-3948,6382,-0.36554208397865295,-0.6801515221595764,-0.4454086124897003,-0.4494556188583374
-409,933,-137,-132,281,89,-150,86,-461,2735,13794,-3916,6358,-0.3623507022857666,-0.681209146976471,-0.4440884292125702,-0.4517425298690796
-232,968,-286,-132,281,89,-114,-185,-372,2735,13724,-3851,6336,-0.36176010966300964,-0.6821490526199341,-0.44227883219718933,-0.4525662064552307
-234,1028,-238,-136,273,85,-197,-147,-475,2735,13742,-3860,6337,-0.36199289560317993,-0.6823511719703674,-0.4424947202205658,-0.45186445116996765
-281,1081,-209,-136,273,85,-251,-209,-560,2735,13750,-3873,6335,-0.36127936840057373,-0.6817173957824707,-0.44354525208473206,-0.45236578583717346
-256,1017,-196,-136,273,85,-223,-293,-553,2735,13739,-3904,6341,-0.36043715476989746,-0.6801250576972961,-0.4453463554382324,-0.4536591172218323
-262,857,-193,-136,273,85,-250,-297,-596,2735,13704,-3870,6330,-0.35869863629341125,-0.6810353398323059,-0.4436079263687134,-0.45537060499191284
-421,822,-74,-136,273,85,-234,-253,-604,2735,13540,-3758,6283,-0.35354775190353394,-0.6808726191520691,-0.4416252672672272,-0.4615343511104584
-486,767,-62,-136,273,85,-127,-228,-522,2735,13387,-3657,6245,-0.3491084575653076,-0.6806766986846924,-0.4395748972892761,-0.4671258330345154
-566,766,-137,-140,270,83,-114,-138,-397,2735,13245,-3546,6197,-0.3448549211025238,-0.6817106008529663,-0.43638670444488525,-0.47174257040023804
-602,792,-123,-140,270,83,-189,-47,-208,2735,13130,-3459,6151,-0.34088554978370667,-0.6824361681938171,-0.434100478887558,-0.4756719470024109
-534,820,-109,-140,270,83,-231,8,-11,2735,13042,-3404,6116,-0.33745551109313965,-0.6824226379394531,-0.4330257475376129,-0.47910499572753906
-467,856,-98,-140,270,83,-256,95,126,2735,12977,-3378,6092,-0.33450591564178467,-0.6817477941513062,-0.4331367313861847,-0.48202523589134216
-394,883,-119,-140,270,83,-254,116,196,2735,12934,-3381,6085,-0.3326972723007202,-0.679947555065155,-0.43434208631515503,-0.4847269356250763
-378,907,-145,-140,270,83,-268,118,227,2735,12920,-3382,6123,-0.33566200733184814,-0.6773691177368164,-0.4361899793148041,-0.4846307933330536
-342,911,-173,-140,270,83,-274,99,256,2735,12997,-3448,6160,-0.33811938762664795,-0.6768150925636292,-0.43817242980003357,-0.4818979501724243
-309,913,-178,-142,265,87,-311,76,238,2735,13081,-3515,6181,-0.3400684893131256,-0.6765146255493164,-0.4403207004070282,-0.4789818823337555
-306,920,-135,-142,265,87,-319,76,198,2735,13186,-3628,6216,-0.3414343595504761,-0.6743221282958984,-0.4451025426387787,-0.4766794741153717
-297,907,-122,-142,265,87,-288,60,157,2735,13276,-3754,6239,-0.3411409854888916,-0.6727030277252197,-0.44928672909736633,-0.47524508833885193
-324,877,-91,-142,265,87,-270,71,105,2735,13297,-3817,6233,-0.3382556438446045,-0.6710461378097534,-0.45237845182418823,-0.4767211377620697
-388,859,-87,-142,265,87,-209,94,105,2735,13243,-3807,6205,-0.3346188962459564,-0.6707561016082764,-0.4526958763599396,-0.4793866276741028
-399,851,-80,-142,265,87,-170,100,133,2735,13187,-3785,6176,-0.3313397765159607,-0.670714795589447,-0.45258137583732605,-0.48182451725006104
-384,875,-76,-142,265,87,-147,125,173,2735,13139,-3773,6153,-0.3282735347747803,-0.6703534126281738,-0.45288947224617004,-0.4841309189796448
-364,874,-86,-139,264,96,-136,137,205,2735,13098,-3772,6140,-0.32600629329681396,-0.6691297888755798,-0.45381489396095276,-0.48648369312286377
-327,887,-123,-139,264,96,-115,124,213,2735,13102,-3786,6158,-0.32786282896995544,-0.6680097579956055,-0.4551233947277069,-0.48554733395576477
-301,909,-107,-139,264,96,-87,93,180,2735,13203,-3872,6195,-0.33085283637046814,-0.6667205095291138,-0.45817211270332336,-0.4824157953262329
-287,915,-99,-139,264,96,-54,60,141,2735,13307,-3971,6232,-0.3330053687095642,-0.6650007963180542,-0.46163856983184814,-0.4800003468990326
-308,908,-93,-139,264,96,8,25,105,2735,13344,-4043,6243,-0.33211567997932434,-0.6638859510421753,-0.4639972150325775,-0.47987931966781616
-348,886,-80,-139,264,96,41,12,82,2735,13318,-4014,6219,-0.3300488293170929,-0.6649947166442871,-0.4626132845878601,-0.48111021518707275
-392,859,-62,-139,264,96,84,27,112,2735,13249,-3964,6193,-0.3276779055595398,-0.6653138995170593,-0.46134501695632935,-0.4835026264190674
-382,872,-83,-138,268,100,129,54,169,2735,13183,-3913,6173,-0.32589346170425415,-0.6656498312950134,-0.45984789729118347,-0.4856676459312439
-355,891,-98,-138,268,100,152,88,199,2735,13120,-3858,6166,-0.3254653513431549,-0.6653581857681274,-0.4584242105484009,-0.48769664764404297
-330,918,-149,-138,268,100,154,88,223,2735,13151,-3852,6181,-0.3288141191005707,-0.6665269136428833,-0.4576280117034912,-0.484586626291275
-285,913,-129,-138,268,100,130,73,214,2735,13242,-3910,6216,-0.33247408270835876,-0.6659026741981506,-0.45938611030578613,-0.4812746047973633
-312,914,-120,-138,268,100,162,77,220,2735,13310,-3953,6239,-0.3348541259765625,-0.6662570238113403,-0.45975610613822937,-0.4787716567516327
-287,920,-125,-138,268,100,148,73,187,2735,13406,-4010,6266,-0.3382173776626587,-0.6665294766426086,-0.46078699827194214,-0.4750227928161621
-347,909,-135,-134,269,92,159,78,177,2735,13436,-4011,6260,-0.3382863998413086,-0.6683244705200195,-0.45925024151802063,-0.4739392399787903
-318,912,-110,-134,269,92,162,55,201,2735,13427,-3986,6255,-0.3385162651538849,-0.6685783863067627,-0.4585072994232178,-0.4741363823413849
-313,923,-118,-134,269,92,159,63,217,2735,13433,-3988,6265,-0.3395765423774719,-0.6688852310180664,-0.45806992053985596,-0.47336748242378235
-283,923,-152,-134,269,92,161,45,222,2735,13489,-4001,6274,-0.34267860651016235,-0.6696953773498535,-0.4580934941768646,-0.4699524939060211
-231,955,-204,-134,269,92,161,11,169,2735,13585,-4054,6302,-0.3461923897266388,-0.6702322363853455,-0.458467036485672,-0.4662321209907532
-223,931,-173,-134,269,92,123,-10,96,2735,13675,-4105,6326,-0.3493310809135437,-0.670642077922821,-0.4589449167251587,-0.462818443775177
-271,924,-171,-134,269,92,102,-10,44,2735,13733,-4124,6334,-0.3509778082370758,-0.6720500588417053,-0.4580843150615692,-0.4603751301765442
-311,911,-155,-134,276,87,77,3,30,2735,13727,-4090,6315,-0.35043907165527344,-0.6740975379943848,-0.45592185854911804,-0.4599393606185913
-291,916,-190,-134,276,87,52,17,17,2735,13727,-4063,6301,-0.3509789705276489,-0.6758317351341248,-0.45438191294670105,-0.4585039019584656
-237,909,-184,-134,276,87,13,1,-56,2735,13776,-4079,6306,-0.3527786135673523,-0.6766164898872375,-0.45430752635002136,-0.4560336768627167
-297,953,-174,-134,276,87,4,41,-103,2735,13814,-4099,6302,-0.3526797890663147,-0.6779231429100037,-0.45366695523262024,-0.45480433106422424
-206,838,-196,-134,276,87,-27,33,-148,2735,13849,-4106,6300,-0.35412007570266724,-0.6787460446357727,-0.45358598232269287,-0.45253506302833557
-373,946,-92,-134,276,87,-21,112,-227,2735,13863,-4132,6300,-0.3524976968765259,-0.6782360076904297,-0.45445749163627625,-0.45369574427604675
-233,1042,-181,-134,276,87,58,-85,-211,2735,13835,-4122,6292,-0.3523651957511902,-0.6778990030288696,-0.45491304993629456,-0.4538412094116211
-274,806,15,-140,273,96,7,67,-234,2735,13831,-4139,6284,-0.3502834439277649,-0.6772142648696899,-0.4559972584247589,-0.45538994669914246
-387,1042,-194,-140,273,96,97,91,-213,2735,13777,-4082,6244,-0.34716781973838806,-0.6795548796653748,-0.45355501770973206,-0.45672452449798584
-192,857,-211,-140,273,96,75,-19,-191,2735,13766,-4082,6238,-0.34738054871559143,-0.6795480847358704,-0.45394185185432434,-0.4561837613582611
-348,1013,-207,-140,273,96,53,177,-360,2735,13803,-4100,6237,-0.3467174172401428,-0.6807002425193787,-0.4533918499946594,-0.45551949739456177
-226,945,-253,-140,273,96,55,-136,-263,2735,13765,-4068,6217,-0.3462452292442322,-0.6812872290611267,-0.4525828957557678,-0.4558015763759613
-274,939,-198,-140,273,96,-93,-11,-316,2735,13789,-4063,6213,-0.3470524847507477,-0.6823397278785706,-0.45197775959968567,-0.4542117118835449
-226,974,-218,-140,273,96,-104,-178,-435,2735,13816,-4077,6222,-0.3476874828338623,-0.6827927827835083,-0.45165786147117615,-0.45336079597473145
-334,1041,-182,-145,267,93,-127,-178,-464,2735,13744,-4043,6184,-0.34360194206237793,-0.6830849051475525,-0.4513392448425293,-0.4563429653644562
-246,1084,-320,-145,267,93,-212,-242,-465,2735,13725,-4011,6171,-0.3434121906757355,-0.6840863823890686,-0.44997549057006836,-0.4563334584236145
-319,1051,-264,-145,267,93,-395,-242,-477,2735,13703,-3986,6160,-0.3422471582889557,-0.6848383545875549,-0.44884440302848816,-0.4571928083896637
-437,842,-93,-145,267,93,-503,-191,-355,2735,13580,-3912,6121,-0.337178111076355,-0.6842784285545349,-0.4478989243507385,-0.4626992642879486
-502,769,-4,-145,267,93,-468,-35,-178,2735,13474,-3875,6094,-0.332710862159729,-0.6828212738037109,-0.4485691487789154,-0.467413067817688
-520,776,0,-145,267,93,-390,15,-45,2735,13395,-3856,6070,-0.328907310962677,-0.6814401745796204,-0.4494880139827728,-0.47122254967689514
-466,771,22,-147,270,91,-264,60,-27,2735,13339,-3856,6058,-0.32577669620513916,-0.6799330711364746,-0.45071884989738464,-0.47438758611679077
-525,799,-36,-147,270,91,-209,119,48,2735,13280,-3839,6032,-0.3224141001701355,-0.6794447898864746,-0.4509707987308502,-0.4771369695663452
-429,839,-67,-147,270,91,-162,113,168,2735,13234,-3833,6016,-0.3197828233242035,-0.6785215735435486,-0.4516398310661316,-0.479581743478775
-384,891,-108,-147,270,91,-161,138,226,2735,13186,-3813,5999,-0.3179287612438202,-0.6777328848838806,-0.45180878043174744,-0.4817657768726349
-351,893,-75,-147,270,91,-165,106,236,2735,13196,-3867,6025,-0.3181455433368683,-0.6746920943260193,-0.4555667042732239,-0.48235195875167847
-300,899,-123,-147,270,91,-113,60,217,2735,13265,-3953,6063,-0.3204822838306427,-0.6724587082862854,-0.45928332209587097,-0.48039132356643677
-291,901,-108,-147,270,91,-91,28,146,2735,13364,-4044,6102,-0.32316532731056213,-0.6712830662727356,-0.462177574634552,-0.47745078802108765
-323,903,-103,-141,257,98,-66,14,106,2735,13403,-4102,6111,-0.3225891888141632,-0.670446515083313,-0.46404269337654114,-0.4772050678730011
-338,894,-114,-141,257,98,-65,3,78,2735,13416,-4097,6102,-0.3222481906414032,-0.6715331077575684,-0.4631655216217041,-0.476761132478714
-371,878,-76,-141,257,98,-50,17,73,2735,13351,-4064,6082,-0.3194579482078552,-0.6709708571434021,-0.4628380239009857,-0.47974440455436707
-379,879,-77,-141,257,98,-37,50,103,2735,13289,-4037,6066,-0.3170015811920166,-0.6703202724456787,-0.4626753628253937,-0.48243218660354614
-387,885,-78,-141,257,98,-42,108,143,2735,13225,-3999,6044,-0.3144959807395935,-0.6703003644943237,-0.46184706687927246,-0.48488694429397583
-378,909,-98,-141,257,98,-41,131,197,2735,13175,-3970,6030,-0.31388646364212036,-0.6699458956718445,-0.4615213871002197,-0.48607590794563293
-311,921,-113,-141,257,98,-53,111,201,2735,13258,-4027,6063,-0.3171364367008209,-0.6693903207778931,-0.46361640095710754,-0.48272883892059326
-278,933,-87,-145,264,98,-47,77,163,2735,13362,-4117,6101,-0.3201509118080139,-0.6680980920791626,-0.4666696786880493,-0.479577898979187
-257,928,-109,-145,264,98,-17,20,100,2735,13461,-4199,6134,-0.3230462968349457,-0.6674522161483765,-0.46887093782424927,-0.4763756990432739
-283,940,-116,-145,264,98,-10,8,53,2735,13545,-4260,6153,-0.324897438287735,-0.667829155921936,-0.46986210346221924,-0.4736018180847168
-336,908,-97,-145,264,98,-8,-1,42,2735,13537,-4246,6130,-0.32276663184165955,-0.6691685914993286,-0.4687654972076416,-0.47425705194473267
-377,870,-81,-145,264,98,13,11,62,2735,13467,-4191,6098,-0.319926381111145,-0.6700457334518433,-0.467087060213089,-0.47659537196159363
-410,856,-46,-145,264,98,19,51,107,2735,13399,-4145,6072,-0.31737977266311646,-0.6701159477233887,-0.46624940633773804,-0.4790158271789551
-405,879,-75,-145,264,98,24,114,179,2735,13346,-4116,6052,-0.31502142548561096,-0.6703751683235168,-0.4654524624347687,-0.4809785485267639
-324,931,-125,-138,258,103,23,103,217,2735,13374,-4134,6073,-0.3180460035800934,-0.6695337295532227,-0.466652512550354,-0.4789910614490509
-271,958,-151,-138,258,103,-10,99,193,2735,13475,-4201,6104,-0.3214973211288452,-0.6694441437721252,-0.4682290852069855,-0.4752591550350189
-236,983,-205,-138,258,103,-26,42,138,2735,13572,-4269,6133,-0.3246528208255768,-0.6693274974822998,-0.4696419835090637,-0.4718713164329529
-266,942,-147,-138,258,103,-75,-2,74,2735,13653,-4321,6155,-0.32724013924598694,-0.6694062948226929,-0.47059711813926697,-0.46901124715805054
-329,907,-96,-138,258,103,-68,-18,44,2735,13680,-4341,6158,-0.3266522288322449,-0.6695029735565186,-0.47070303559303284,-0.46918100118637085
-373,851,-26,-138,258,103,-37,-7,55,2735,13608,-4304,6141,-0.3242128789424896,-0.6686477065086365,-0.470730185508728,-0.47205960750579834
-391,852,-35,-133,269,98,39,32,88,2735,13549,-4278,6130,-0.32225507497787476,-0.6679329872131348,-0.470584511756897,-0.4745503067970276
-422,865,-44,-133,269,98,91,80,138,2735,13499,-4254,6124,-0.3207973539829254,-0.6671957969665527,-0.47052398324012756,-0.4766307771205902
-306,921,-124,-133,269,98,122,41,196,2735,13515,-4270,6146,-0.3234245181083679,-0.6663282513618469,-0.4713536202907562,-0.4752412736415863
-248,935,-137,-133,269,98,87,24,158,2735,13610,-4325,6179,-0.3272934854030609,-0.6662164926528931,-0.4723680019378662,-0.47172918915748596
-247,937,-114,-133,269,98,76,-20,98,2735,13699,-4383,6213,-0.33094528317451477,-0.6655744314193726,-0.47374048829078674,-0.468703031539917
-232,894,-83,-133,269,98,100,-48,27,2735,13782,-4457,6251,-0.3340042233467102,-0.6639271378517151,-0.47602376341819763,-0.46655070781707764
-348,919,-90,-133,269,98,126,16,-6,2735,13741,-4431,6242,-0.33156800270080566,-0.6642798781394958,-0.47476616501808167,-0.46906208992004395
-259,878,-144,-132,269,100,141,-19,-1,2735,13730,-4402,6238,-0.33315861225128174,-0.6652209758758545,-0.47365397214889526,-0.4677208364009857
-293,931,-147,-132,269,100,97,17,-124,2735,13777,-4407,6247,-0.3348213732242584,-0.6667594909667969,-0.4722771644592285,-0.4657299816608429
-289,876,-71,-132,269,100,101,-5,-65,2735,13713,-4355,6227,-0.3330663740634918,-0.6664436459541321,-0.47176027297973633,-0.46796664595603943
-209,912,-138,-132,269,100,130,-3,-201,2735,13765,-4392,6251,-0.3357255458831787,-0.6661158204078674,-0.47260022163391113,-0.46567651629447937
-360,1059,-41,-132,269,100,225,-29,-269,2735,13725,-4371,6240,-0.33311617374420166,-0.666263222694397,-0.47162866592407227,-0.4683188796043396
-253,922,-125,-132,269,100,224,-9,-209,2735,13691,-4337,6236,-0.3337142765522003,-0.6667261123657227,-0.4705851078033447,-0.46827811002731323
-412,993,-176,-132,269,100,160,182,-169,2735,13683,-4287,6214,-0.3331499695777893,-0.6695721745491028,-0.4675195515155792,-0.46769285202026367
-134,897,-178,-139,270,102,107,-88,-141,2735,13686,-4257,6206,-0.33487468957901,-0.6709299087524414,-0.4662587642669678,-0.4657685458660126
-377,932,-43,-139,270,102,60,125,-231,2735,13692,-4255,6195,-0.33339381217956543,-0.6715507507324219,-0.46588870882987976,-0.46631181240081787
-206,849,-173,-139,270,102,115,-87,-184,2735,13660,-4217,6182,-0.3337952494621277,-0.6725814938545227,-0.46447262167930603,-0.46594658493995667
-378,964,-155,-139,270,102,53,95,-242,2735,13666,-4198,6171,-0.33331382274627686,-0.6746706962585449,-0.46234428882598877,-0.46538498997688293
-293,939,-196,-139,270,102,25,0,-239,2735,13664,-4163,6162,-0.33432868123054504,-0.6762814521789551,-0.4605363607406616,-0.4641095697879791
-285,983,-160,-139,270,102,12,-67,-272,2735,13695,-4182,6176,-0.33586618304252625,-0.6759852170944214,-0.4610063433647156,-0.46296340227127075
-300,931,-175,-139,270,102,-96,-51,-271,2735,13696,-4154,6162,-0.33622342348098755,-0.6775016784667969,-0.4595506489276886,-0.4619350731372833
-161,972,-247,-146,264,96,-122,-143,-364,2735,13726,-4165,6167,-0.3370433449745178,-0.6781543493270874,-0.4592556655406952,-0.4606708884239197
-198,1039,-169,-146,264,96,-170,-188,-512,2735,13753,-4191,6170,-0.3373200595378876,-0.6778703927993774,-0.4601263701915741,-0.46001818776130676
-113,1203,-245,-146,264,96,-225,-302,-683,2735,13751,-4192,6176,-0.33750057220458984,-0.6774939894676208,-0.4601849913597107,-0.4603819251060486
-104,1147,-311,-146,264,96,-351,-473,-874,2735,13711,-4157,6173,-0.33693477511405945,-0.6774098873138428,-0.4590904116630554,-0.46200889348983765
-340,897,-120,-146,264,96,-452,-396,-950,2735,13615,-4090,6150,-0.33289089798927307,-0.677492618560791,-0.4572841227054596,-0.4665911793708801
-522,796,-45,-146,264,96,-471,-291,-780,2735,13417,-3964,6092,-0.32623040676116943,-0.6772624254226685,-0.4549093544483185,-0.47389498353004456
-680,770,-57,-150,248,98,-491,-124,-556,2735,13260,-3873,6039,-0.32007360458374023,-0.6770667433738708,-0.4533002972602844,-0.47987690567970276
-581,745,45,-150,248,98,-475,-110,-329,2735,13141,-3818,5995,-0.31478074193000793,-0.6761723160743713,-0.4529103934764862,-0.48498085141181946
-569,784,-32,-150,248,98,-434,29,-211,2735,13046,-3782,5955,-0.3097144365310669,-0.6757147908210754,-0.45257997512817383,-0.4891698956489563
-502,833,-24,-150,248,98,-426,14,-107,2735,12966,-3758,5918,-0.3050677478313446,-0.6748645901679993,-0.45278725028038025,-0.49305644631385803
-393,887,-70,-150,248,98,-379,-38,-73,2735,12890,-3744,5896,-0.3016786277294159,-0.6727293729782104,-0.4541594982147217,-0.4967844486236572
-384,888,-44,-150,248,98,-328,-100,-99,2735,12857,-3777,5911,-0.2999829053878784,-0.6692310571670532,-0.45719021558761597,-0.4997478425502777
-371,837,-20,-150,248,98,-226,-205,-132,2735,12795,-3780,5918,-0.29778048396110535,-0.6662687063217163,-0.45868927240371704,-0.503634512424469
-383,783,7,-145,246,112,-148,-252,-211,2735,12712,-3754,5921,-0.29580679535865784,-0.6636460423469543,-0.4591251611709595,-0.5078457593917847
-452,780,42,-145,246,112,-76,-201,-239,2735,12612,-3701,5909,-0.2932928800582886,-0.6619910001754761,-0.4582979083061218,-0.5121923685073853
-489,820,-16,-145,246,112,-9,-165,-197,2735,12508,-3634,5888,-0.29058772325515747,-0.6614091396331787,-0.45620331168174744,-0.5163375735282898
-482,843,-36,-145,246,112,-22,-155,-136,2735,12400,-3549,5859,-0.288431316614151,-0.6609473824501038,-0.4537586569786072,-0.5202787518501282
-440,867,-25,-145,246,112,-25,-110,-84,2735,12329,-3511,5869,-0.2888300120830536,-0.658586859703064,-0.45379719138145447,-0.5230098962783813
-380,873,-63,-145,246,112,-36,-104,-77,2735,12338,-3503,5905,-0.2923402786254883,-0.6578412055969238,-0.45413580536842346,-0.5216990113258362
-383,883,-31,-145,246,112,-46,-91,-111,2735,12363,-3524,5949,-0.2954256236553192,-0.6562198400497437,-0.45553115010261536,-0.520784318447113
-384,871,-40,-150,251,113,-39,-110,-144,2735,12387,-3526,5978,-0.2982422113418579,-0.6558197140693665,-0.4556669294834137,-0.5195619463920593
-447,822,-15,-150,251,113,-41,-76,-150,2735,12332,-3480,5967,-0.29617631435394287,-0.6557785868644714,-0.45377886295318604,-0.5224449038505554
-514,789,0,-150,251,113,-4,-15,-77,2735,12249,-3425,5933,-0.29311636090278625,-0.6559149622917175,-0.451900452375412,-0.5256176590919495
-510,800,5,-150,251,113,16,9,-4,2735,12177,-3374,5902,-0.29047122597694397,-0.6560652256011963,-0.4501248896121979,-0.5284149050712585
-527,809,2,-150,251,113,27,59,53,2735,12114,-3333,5875,-0.28809478878974915,-0.6561002731323242,-0.44869762659072876,-0.530880331993103
-502,829,-4,-150,251,113,57,72,124,2735,12059,-3294,5851,-0.2863255441188812,-0.6560994982719421,-0.4472026526927948,-0.5330954790115356
-441,856,-47,-150,251,113,70,72,166,2735,12024,-3244,5862,-0.2891934812068939,-0.6560230255126953,-0.44573527574539185,-0.5328664183616638
-408,892,-55,-155,239,111,64,59,168,2735,12082,-3263,5886,-0.2920529544353485,-0.6568962931632996,-0.44627076387405396,-0.5297731161117554
-371,912,-79,-155,239,111,54,37,143,2735,12157,-3303,5917,-0.2952665388584137,-0.6573315858840942,-0.4474264979362488,-0.5264667272567749
-345,916,-87,-155,239,111,47,4,102,2735,12230,-3342,5947,-0.2983156144618988,-0.6577216386795044,-0.44849318265914917,-0.5233434438705444
-348,913,-80,-155,239,111,40,-21,43,2735,12295,-3374,5970,-0.3009054958820343,-0.6583105325698853,-0.44917359948158264,-0.5205289721488953
-382,902,-71,-155,239,111,29,-40,3,2735,12347,-3397,5982,-0.30240094661712646,-0.6593881845474243,-0.44916805624961853,-0.5182973146438599
-399,887,-74,-155,239,111,27,-54,-24,2735,12364,-3391,5968,-0.30206000804901123,-0.661083459854126,-0.44796261191368103,-0.5173788666725159
-416,865,-35,-155,239,111,28,-39,-29,2735,12322,-3365,5937,-0.29889482259750366,-0.6612606644630432,-0.4468753933906555,-0.5199301838874817
-429,867,-35,-156,243,112,35,-25,-20,2735,12253,-3328,5908,-0.29593029618263245,-0.6612219214439392,-0.4455486238002777,-0.5228037238121033
-422,857,-64,-156,243,112,35,3,-15,2735,12223,-3292,5885,-0.2951139211654663,-0.6625452041625977,-0.4435727596282959,-0.5232678055763245
-440,863,-71,-156,243,112,15,5,2,2735,12212,-3255,5862,-0.2952607572078705,-0.6645050644874573,-0.44136691093444824,-0.522563636302948
-415,877,-72,-156,243,112,-6,-11,11,2735,12239,-3250,5870,-0.2971029579639435,-0.6653778553009033,-0.44066745042800903,-0.5209965705871582
-400,880,-56,-156,243,112,-16,-29,7,2735,12274,-3277,5905,-0.29935914278030396,-0.6635534167289734,-0.4429137110710144,-0.5201332569122314
-394,887,-45,-156,243,112,5,-59,-17,2735,12294,-3320,5939,-0.3009282350540161,-0.6612720489501953,-0.4458819627761841,-0.5195938944816589
-406,886,-51,-162,244,111,9,-53,-38,2735,12317,-3353,5945,-0.299903005361557,-0.6614596247673035,-0.4464546740055084,-0.5194533467292786
-434,874,-52,-162,244,111,5,-47,-34,2741,12292,-3326,5908,-0.2977052628993988,-0.663222074508667,-0.4444926381111145,-0.5201524496078491
-439,863,-44,-162,244,111,-6,-44,-11,2741,12241,-3289,5870,-0.29453641176223755,-0.6640391945838928,-0.44273295998573303,-0.522411048412323
-421,860,-51,-162,244,111,-11,-40,7,2741,12195,-3262,5838,-0.2917889654636383,-0.664044201374054,-0.4418705403804779,-0.5246745347976685
-411,860,-33,-162,244,111,-10,-21,11,2741,12160,-3275,5843,-0.29034623503685,-0.6615015268325806,-0.44411423802375793,-0.5267855525016785
-405,881,-59,-162,244,111,-6,-25,15,2741,12177,-3300,5853,-0.29144546389579773,-0.6612754464149475,-0.4452260732650757,-0.5255211591720581
-391,900,-58,-162,244,111,-14,-16,9,2741,12234,-3334,5873,-0.2933894395828247,-0.6617366075515747,-0.44606536626815796,-0.5231413245201111
-397,896,-57,-148,242,111,-29,-35,-23,2741,12280,-3361,5903,-0.29638832807540894,-0.6608725190162659,-0.4475004971027374,-0.5213180184364319
-389,896,-39,-148,242,111,-22,-46,-43,2741,12319,-3395,5948,-0.2994505763053894,-0.6593941450119019,-0.4493545591831207,-0.5198413133621216
-405,864,-43,-148,242,111,-13,-50,-65,2741,12293,-3385,5970,-0.2996333837509155,-0.6577901244163513,-0.44913145899772644,-0.5219554305076599
-444,846,-20,-148,242,111,-3,-33,-50,2741,12209,-3324,5943,-0.29694420099258423,-0.6576650738716125,-0.44723352789878845,-0.5252725481987
-455,840,-20,-148,242,111,15,-34,-32,2741,12127,-3259,5911,-0.2946563959121704,-0.6577913761138916,-0.44491755962371826,-0.5283616781234741
-461,840,-39,-148,242,111,28,-18,-13,2741,12047,-3199,5889,-0.2932705879211426,-0.6575968265533447,-0.44254541397094727,-0.5313566327095032
-450,855,-52,-148,242,111,26,-5,9,2741,11988,-3125,5895,-0.2956644594669342,-0.6570873856544495,-0.44061973690986633,-0.5322595834732056
-425,884,-64,-154,239,113,26,-20,22,2741,12001,-3112,5908,-0.29719606041908264,-0.6581560969352722,-0.4398657977581024,-0.5307040214538574
-388,896,-78,-154,239,113,24,-69,5,2741,12044,-3123,5926,-0.2997974157333374,-0.6586148142814636,-0.4401499032974243,-0.5284326076507568
-384,889,-63,-154,239,113,-3,-66,-26,2741,12093,-3146,5952,-0.3023526072502136,-0.6586930155754089,-0.44099006056785583,-0.5261738300323486
-413,880,-59,-154,239,113,-8,-62,-42,2741,12128,-3165,5962,-0.30298200249671936,-0.6592929363250732,-0.44116848707199097,-0.5249074697494507
-420,868,-35,-154,239,113,-9,-69,-41,2741,12102,-3147,5940,-0.30098119378089905,-0.659682035446167,-0.4402148723602295,-0.5263681411743164
-441,846,-26,-154,239,113,-20,-38,-30,2741,12043,-3118,5913,-0.29789993166923523,-0.6592118740081787,-0.4392167031764984,-0.5295405387878418
-467,850,-6,-154,239,113,-8,-20,-1,2741,11974,-3083,5888,-0.295417845249176,-0.6583573222160339,-0.4385201334953308,-0.5325642824172974
-458,842,-17,-154,242,121,10,-2,29,2741,11914,-3058,5883,-0.2939542233943939,-0.656914234161377,-0.43817412853240967,-0.5354324579238892
-455,845,-20,-154,242,121,24,21,57,2741,11850,-3023,5880,-0.29319286346435547,-0.6551613807678223,-0.4381183683872223,-0.5380378365516663
-422,865,-38,-154,242,121,45,19,78,2741,11836,-3022,5912,-0.295650839805603,-0.6536131501197815,-0.4392065107822418,-0.5376825928688049
-392,898,-82,-154,242,121,38,1,70,2741,11890,-3039,5939,-0.2987217307090759,-0.6541933417320251,-0.4396459758281708,-0.5349136590957642
-389,906,-73,-154,242,121,9,-18,34,2741,11946,-3064,5967,-0.30165979266166687,-0.6545343399047852,-0.4403536319732666,-0.5322589874267578
-380,908,-73,-154,242,121,-3,-62,10,2741,11998,-3085,5992,-0.30431318283081055,-0.6549338698387146,-0.4408283829689026,-0.5298581719398499
-401,880,-44,-151,249,116,-24,-68,-23,2741,12041,-3107,6023,-0.3069826066493988,-0.653931736946106,-0.44221797585487366,-0.5284004211425781
-431,868,-26,-151,249,116,-20,-51,-27,2741,11974,-3075,6017,-0.304740846157074,-0.6530242562294006,-0.440901517868042,-0.5319061279296875
-436,859,-20,-151,249,116,-20,-47,-17,2741,11887,-3015,5995,-0.3027307093143463,-0.6520023941993713,-0.43966445326805115,-0.53532475233078
-439,855,-29,-151,249,116,-4,-29,-4,2741,11799,-2954,5979,-0.30126094818115234,-0.6508800983428955,-0.43816253542900085,-0.5387405157089233
-410,864,-31,-151,249,116,2,-12,6,2741,11779,-2950,6008,-0.3035145401954651,-0.6490898728370667,-0.43941113352775574,-0.5386132597923279
-401,873,-55,-151,249,116,4,1,-5,2741,11825,-2969,6035,-0.30615267157554626,-0.6494488716125488,-0.43988943099975586,-0.5362910032272339
-401,891,-68,-151,249,116,7,-24,-27,2741,11867,-2978,6049,-0.3081086575984955,-0.6505376696586609,-0.4394337236881256,-0.5342203378677368
-411,885,-57,-150,246,108,-1,-39,-45,2741,11894,-2973,6048,-0.30909809470176697,-0.6520630121231079,-0.4383234977722168,-0.5326988101005554
-420,880,-53,-150,246,108,7,-47,-47,2741,11890,-2953,6031,-0.30858516693115234,-0.653515636920929,-0.4366903007030487,-0.5325576663017273
-427,861,-47,-150,246,108,-4,-52,-44,2741,11863,-2914,6004,-0.3071728050708771,-0.6548108458518982,-0.434311181306839,-0.5337282419204712
-434,858,-40,-150,246,108,-5,-33,-39,2741,11808,-2860,5977,-0.30565541982650757,-0.6551395058631897,-0.4322483539581299,-0.5358712077140808
-435,852,-20,-150,246,108,3,-29,-22,2741,11739,-2830,5970,-0.3043085038661957,-0.6531314849853516,-0.43250739574432373,-0.5388724207878113
-423,864,-26,-150,246,108,12,-18,-16,2741,11676,-2798,5983,-0.30442941188812256,-0.6506565809249878,-0.4326399266719818,-0.5416824817657471
-422,849,-45,-150,246,108,18,-5,-10,2741,11647,-2772,5991,-0.3052659034729004,-0.6508626937866211,-0.43166467547416687,-0.5417373180389404
-445,868,-29,-155,246,116,10,9,7,2741,11602,-2737,5965,-0.3034840524196625,-0.6511213183403015,-0.4302671551704407,-0.5435360074043274
-441,871,-44,-155,246,116,4,10,30,2741,11614,-2724,5964,-0.30488672852516174,-0.6517613530158997,-0.42982444167137146,-0.5423353314399719
-403,877,-49,-155,246,116,-1,-3,33,2741,11661,-2751,5995,-0.3074980676174164,-0.6515449285507202,-0.431148886680603,-0.5400656461715698
-395,890,-41,-155,246,116,-7,-16,10,2741,11718,-2793,6031,-0.3099786937236786,-0.6512771844863892,-0.43276748061180115,-0.537668764591217
-393,879,-32,-155,246,116,-3,-33,-17,2741,11771,-2837,6057,-0.3109285235404968,-0.6509661674499512,-0.4344322681427002,-0.5361512303352356
-421,864,-35,-155,246,116,10,-40,-33,2741,11769,-2847,6037,-0.3087311387062073,-0.6514272093772888,-0.43418633937835693,-0.5370616316795349
-442,847,-13,-155,246,116,17,-17,-25,2741,11713,-2817,6001,-0.3057575821876526,-0.6518948674201965,-0.4326799511909485,-0.5394056439399719
-461,840,-20,-159,249,110,30,10,-3,2741,11665,-2783,5960,-0.30253341794013977,-0.6525614857673645,-0.43091410398483276,-0.5418277382850647
-454,848,-30,-159,249,110,38,26,17,2741,11623,-2747,5919,-0.300104558467865,-0.6539403796195984,-0.4286447763442993,-0.5433116555213928
-460,868,-25,-159,249,110,36,32,31,2741,11576,-2720,5899,-0.2982216477394104,-0.6534327864646912,-0.42774727940559387,-0.5456627011299133
-455,867,-33,-159,249,110,38,45,62,2741,11533,-2689,5885,-0.29807355999946594,-0.6533532738685608,-0.4269919693470001,-0.5464277267456055
-408,883,-58,-159,249,110,25,13,73,2741,11586,-2709,5913,-0.30111217498779297,-0.6536114811897278,-0.42798328399658203,-0.5436719655990601
-388,907,-67,-159,249,110,9,6,49,2741,11647,-2745,5949,-0.3041355609893799,-0.6535153388977051,-0.4295080900192261,-0.5408946871757507
-369,907,-71,-153,237,114,0,-38,7,2741,11704,-2780,5984,-0.30690962076187134,-0.6532945036888123,-0.43100506067276,-0.5383977890014648
-392,875,-43,-153,237,114,3,-36,-31,2741,11758,-2820,6014,-0.30816006660461426,-0.6529933214187622,-0.43259239196777344,-0.536771833896637
-435,843,-31,-153,237,114,19,-31,-36,2741,11720,-2805,5977,-0.3046499490737915,-0.6533917784690857,-0.43135395646095276,-0.5392853617668152
-461,839,-21,-153,237,114,22,0,-22,2741,11658,-2768,5937,-0.3014492392539978,-0.6537982225418091,-0.42954057455062866,-0.542032778263092
-483,833,-26,-153,237,114,26,36,20,2741,11601,-2726,5897,-0.2986394762992859,-0.6542819738388062,-0.4276399612426758,-0.5445026755332947
-459,843,-33,-153,237,114,24,49,67,2741,11541,-2681,5870,-0.2978145182132721,-0.6544945240020752,-0.4259989559650421,-0.5459782481193542
-423,874,-56,-153,237,114,17,47,89,2741,11588,-2697,5899,-0.30088719725608826,-0.6546933650970459,-0.42692071199417114,-0.5433304905891418
-398,872,-30,-154,250,113,6,41,82,2741,11644,-2735,5944,-0.30427074432373047,-0.6537579894065857,-0.42905303835868835,-0.5408880710601807
-409,868,-46,-154,250,113,16,38,76,2741,11699,-2774,5990,-0.3075380325317383,-0.653012752532959,-0.4309524893760681,-0.5384227633476257
-420,877,-37,-154,250,113,19,14,68,2741,11745,-2805,6023,-0.308902770280838,-0.6524124145507812,-0.43202856183052063,-0.5375087857246399
-449,857,-20,-154,250,113,33,43,80,2741,11696,-2790,6007,-0.30679747462272644,-0.6517120599746704,-0.4317706227302551,-0.5397663116455078
-452,854,-27,-154,250,113,43,41,109,2741,11641,-2754,5978,-0.30454158782958984,-0.6514104604721069,-0.4305863678455353,-0.5423495769500732
-435,863,-27,-154,250,113,55,60,129,2741,11590,-2730,5991,-0.3051518499851227,-0.6497536301612854,-0.4308350086212158,-0.5437893271446228
-408,875,-57,-154,250,113,53,49,143,2741,11633,-2741,6009,-0.3080492913722992,-0.6501846313476562,-0.43158620595932007,-0.5410404205322266
-374,903,-76,-148,243,113,44,39,122,2741,11702,-2780,6048,-0.311445951461792,-0.6502059102058411,-0.4330179989337921,-0.5379166007041931
-348,925,-94,-148,243,113,13,4,76,2741,11769,-2816,6082,-0.3145028352737427,-0.6504378318786621,-0.43414875864982605,-0.5349376797676086
-362,914,-71,-148,243,113,-11,-12,25,2741,11831,-2850,6110,-0.31710028648376465,-0.6506907939910889,-0.4351774752140045,-0.5322537422180176
-396,906,-77,-148,243,113,-35,-35,-5,2741,11879,-2872,6123,-0.3177146017551422,-0.6515901684761047,-0.43516236543655396,-0.5307968854904175
-401,870,-53,-148,243,113,-32,-46,-12,2741,11872,-2889,6113,-0.3161816895008087,-0.6512475609779358,-0.43579360842704773,-0.5316142439842224
-457,860,-12,-148,243,113,-29,15,-13,2741,11820,-2862,6079,-0.3129710853099823,-0.6509818434715271,-0.43502193689346313,-0.5344693064689636
-435,859,-20,-148,243,113,5,25,12,2741,11761,-2838,6055,-0.310493141412735,-0.6508299708366394,-0.43409693241119385,-0.5368413329124451
-429,856,-28,-146,243,109,12,26,20,2741,11696,-2793,6030,-0.30901259183883667,-0.6505634188652039,-0.4328242838382721,-0.539040744304657
