-17289,-6275,-2014,0.11812455207109451,-0.8306729197502136,-0.5221155881881714,0.14159585535526276
83,904,-391,-83,273,-171,-40,-84,6,2747,-17342,-6314,-2011,0.11980143934488297,-0.8294702172279358,-0.5245134234428406,0.1383364498615265
113,914,-387,-83,273,-171,-34,-91,22,2747,-17357,-6336,-2009,0.11885815113782883,-0.8284425735473633,-0.5261199474334717,0.1392035186290741
127,913,-392,-88,269,-167,-24,-101,14,2747,-17328,-6359,-2003,0.11684275418519974,-0.8276847004890442,-0.527269721031189,0.14104852080345154
106,891,-397,-88,269,-167,-19,-96,10,2747,-17329,-6364,-1996,0.11619124561548233,-0.8276817202568054,-0.5274578928947449,0.14090371131896973
133,921,-393,-88,269,-167,-8,-93,3,2747,-17298,-6363,-1989,0.11443499475717545,-0.8277268409729004,-0.5273259282112122,0.14255905151367188
114,908,-413,-88,269,-167,-7,-95,-16,2747,-17295,-6354,-1982,0.11417093873023987,-0.8283505439758301,-0.5266143083572388,0.14177578687667847
122,884,-418,-88,269,-167,-9,-88,-7,2747,-17294,-6336,-1972,0.11386024206876755,-0.8294212818145752,-0.5252295136451721,0.14090104401111603
91,870,-413,-88,269,-167,-23,-80,-7,2747,-17310,-6320,-1963,0.11435462534427643,-0.8304317593574524,-0.524084746837616,0.13879674673080444
68,892,-440,-88,269,-167,-39,-66,6,2747,-17340,-6311,-1955,0.11532582342624664,-0.8311401009559631,-0.5235221982002258,0.13584570586681366
115,906,-446,-87,273,-166,-68,-78,16,2747,-17360,-6303,-1942,0.11457104980945587,-0.8319631218910217,-0.5226263403892517,0.13489004969596863
128,895,-425,-87,273,-166,-99,-86,5,2747,-17345,-6294,-1926,0.11221355944871902,-0.8318421244621277,-0.5230802893638611,0.13585926592350006
121,901,-410,-87,273,-166,-95,-101,-7,2747,-17332,-6323,-1910,0.11116355657577515,-0.8303531408309937,-0.5258529186248779,0.13514067232608795
94,919,-361,-87,273,-166,-84,-97,4,2747,-17359,-6375,-1904,0.11116783320903778,-0.8280031085014343,-0.5297833681106567,0.1342066526412964
120,921,-367,-87,273,-166,-52,-86,31,2747,-17351,-6424,-1905,0.10972718894481659,-0.8258829712867737,-0.5328477621078491,0.13629896938800812
107,909,-374,-87,273,-166,-19,-79,41,2747,-17331,-6442,-1908,0.10993604362010956,-0.8253072500228882,-0.5336096882820129,0.1366206556558609
95,906,-373,-87,275,-165,8,-85,53,2747,-17355,-6463,-1911,0.11123786866664886,-0.8247408866882324,-0.5347144603729248,0.13465696573257446
76,905,-395,-87,275,-165,22,-75,70,2747,-17385,-6460,-1909,0.11215296387672424,-0.8257307410240173,-0.5335204601287842,0.13255058228969574
97,913,-428,-87,275,-165,5,-73,73,2747,-17396,-6436,-1901,0.11220607906579971,-0.8271324038505554,-0.5316178798675537,0.13140654563903809
83,908,-431,-87,275,-165,-37,-58,70,2747,-17408,-6414,-1894,0.11234737187623978,-0.8283613920211792,-0.5299856662750244,0.13012957572937012
108,895,-406,-87,275,-165,-69,-36,64,2747,-17403,-6392,-1886,0.11118660122156143,-0.8291990160942078,-0.5287392735481262,0.13085956871509552
123,908,-385,-87,275,-165,-77,-47,52,2747,-17369,-6392,-1879,0.10865958034992218,-0.8283737897872925,-0.5298380255699158,0.1337479203939438
113,910,-394,-87,275,-165,-45,-74,31,2747,-17333,-6406,-1874,0.10767894983291626,-0.8278433680534363,-0.5307130813598633,0.13433979451656342
108,903,-387,-99,263,-171,-51,-107,45,2747,-17342,-6395,-1871,0.10799159109592438,-0.8286905288696289,-0.529423713684082,0.1339525729417801
105,907,-385,-99,263,-171,-43,-93,60,2747,-17342,-6381,-1873,0.10838326066732407,-0.8291760087013245,-0.5285879373550415,0.1339312493801117
117,907,-392,-99,263,-171,-35,-88,72,2747,-17330,-6364,-1873,0.1075950637459755,-0.8294774889945984,-0.5278740525245667,0.13550668954849243
123,902,-389,-99,263,-171,-23,-95,71,2747,-17311,-6361,-1877,0.10759365558624268,-0.8290272951126099,-0.5283598303794861,0.1363728642463684
110,910,-390,-99,263,-171,-9,-97,72,2747,-17305,-6362,-1882,0.10716993361711502,-0.8294667601585388,-0.5275183916091919,0.1372850239276886
136,896,-402,-99,263,-171,-20,-101,61,2747,-17282,-6341,-1879,0.10591467469930649,-0.8303900361061096,-0.525973916053772,0.1385967880487442
131,903,-401,-99,263,-171,-45,-72,30,2747,-17262,-6320,-1874,0.10468985885381699,-0.830782413482666,-0.5252676010131836,0.13986611366271973
91,908,-401,-89,272,-167,-60,-36,3,2747,-17278,-6340,-1870,0.10628865659236908,-0.829797625541687,-0.5273234844207764,0.13672950863838196
76,915,-382,-89,272,-167,-56,-18,42,2747,-17327,-6378,-1871,0.1081506609916687,-0.8284671306610107,-0.5297795534133911,0.13381095230579376
105,907,-404,-89,272,-167,-43,-14,66,2747,-17352,-6389,-1871,0.10849272459745407,-0.829058825969696,-0.5289468765258789,0.13314883410930634
99,905,-417,-89,272,-167,-59,-18,66,2747,-17356,-6373,-1868,0.10890135914087296,-0.829807698726654,-0.5279686450958252,0.1320296972990036
102,907,-409,-89,272,-167,-79,-31,68,2747,-17370,-6367,-1864,0.10909257084131241,-0.8302112817764282,-0.5275221467018127,0.13111604750156403
104,898,-405,-89,272,-167,-90,-33,69,2747,-17368,-6361,-1860,0.1082848608493805,-0.8300852179527283,-0.5277283787727356,0.13175424933433533
111,901,-393,-89,272,-167,-104,-43,60,2747,-17356,-6373,-1858,0.1070445254445076,-0.828767716884613,-0.5297974944114685,0.13277612626552582
141,917,-363,-89,274,-159,-101,-33,47,2747,-17334,-6419,-1851,0.10486214607954025,-0.8266628980636597,-0.5329766273498535,0.13489827513694763
157,924,-359,-89,274,-159,-81,-36,17,2747,-17299,-6451,-1846,0.10263413935899734,-0.8248137831687927,-0.5355903506278992,0.1375514715909958
118,927,-355,-89,274,-159,-60,-43,-1,2747,-17279,-6494,-1846,0.10226593911647797,-0.8226656317710876,-0.5388798713684082,0.1378200799226761
99,916,-373,-89,274,-159,-38,-49,27,2747,-17313,-6525,-1847,0.10343579947948456,-0.8226975202560425,-0.5391391515731812,0.13572785258293152
100,899,-403,-89,274,-159,-40,-56,35,2747,-17321,-6504,-1841,0.10356470197439194,-0.8239600658416748,-0.5374550223350525,0.13464684784412384
83,896,-410,-89,274,-159,-61,-48,51,2747,-17337,-6485,-1834,0.10425834357738495,-0.8249472975730896,-0.5363127589225769,0.13260778784751892
63,891,-417,-89,274,-159,-83,-44,91,2747,-17365,-6477,-1827,0.10499440133571625,-0.8258180618286133,-0.5353876948356628,0.13032513856887817
79,902,-416,-89,274,-159,-108,-49,136,2747,-17383,-6464,-1817,0.10504285246133804,-0.826641321182251,-0.5344942212104797,0.12872080504894257
100,907,-393,-89,274,-159,-132,-56,141,2747,-17390,-6459,-1806,0.1039823591709137,-0.8264126777648926,-0.5350974798202515,0.12854456901550293
136,915,-372,-89,274,-159,-130,-44,136,2747,-17355,-6472,-1797,0.1009959727525711,-0.8252394199371338,-0.5366730690002441,0.13186946511268616
138,936,-352,-89,274,-159,-125,-36,115,2747,-17311,-6504,-1794,0.09859026223421097,-0.8232097029685974,-0.5394617319107056,0.1349688619375229
163,932,-336,-89,274,-159,-102,-50,108,2747,-17267,-6532,-1792,0.09593682736158371,-0.8216891288757324,-0.5413311123847961,0.13860563933849335
137,911,-342,-89,274,-159,-67,-64,77,2747,-17220,-6546,-1794,0.0947723463177681,-0.8205118179321289,-0.5427127480506897,0.14094270765781403
73,911,-397,-94,272,-158,-50,-101,79,2747,-17239,-6552,-1792,0.09579251706600189,-0.8213540315628052,-0.5419727563858032,0.1381707787513733
54,898,-419,-94,272,-158,-91,-106,137,2747,-17267,-6539,-1781,0.09630251675844193,-0.8224067687988281,-0.5409055352210999,0.13571429252624512
66,905,-436,-94,272,-158,-125,-65,175,2747,-17289,-6527,-1770,0.09637071192264557,-0.8234450817108154,-0.5397383570671082,0.13400356471538544
123,921,-380,-94,272,-158,-168,-53,178,2747,-17284,-6512,-1759,0.09470663219690323,-0.8237015008926392,-0.5393453240394592,0.13519494235515594
140,932,-350,-94,272,-158,-171,-23,163,2747,-17238,-6529,-1756,0.09203874319791794,-0.8216449618339539,-0.5420299768447876,0.13878357410430908
198,944,-315,-94,272,-158,-140,-18,136,2747,-17192,-6559,-1755,0.08948343247175217,-0.8198299407958984,-0.5442844033241272,0.14232388138771057
193,927,-300,-94,272,-158,-91,-27,89,2747,-17149,-6585,-1756,0.08728744089603424,-0.8180214166641235,-0.546542227268219,0.14540719985961914
159,940,-324,-95,275,-150,-46,-56,55,2747,-17119,-6620,-1753,0.08645642548799515,-0.8160139322280884,-0.5495995879173279,0.14565034210681915
100,913,-385,-95,275,-150,-30,-64,63,2747,-17152,-6636,-1748,0.08726762980222702,-0.8169810175895691,-0.5486621856689453,0.1432482898235321
85,901,-409,-95,275,-150,-67,-42,79,2747,-17172,-6618,-1738,0.08784031867980957,-0.8181862235069275,-0.5473139882087708,0.1411624550819397
92,905,-382,-95,275,-150,-103,-18,121,2747,-17197,-6607,-1730,0.08835621923208237,-0.8190247416496277,-0.5464955568313599,0.13913153111934662
119,912,-391,-95,275,-150,-123,-7,128,2747,-17208,-6594,-1720,0.08820585906505585,-0.8197683095932007,-0.5457262396812439,0.13786126673221588
137,926,-361,-95,275,-150,-132,-3,129,2747,-17217,-6603,-1710,0.08741068840026855,-0.8188756704330444,-0.5472989082336426,0.13745330274105072
139,959,-332,-95,275,-150,-137,0,123,2747,-17207,-6646,-1706,0.08577623218297958,-0.8164387941360474,-0.5506636500358582,0.13953407108783722
177,933,-312,-84,275,-150,-98,-9,116,2747,-17160,-6670,-1710,0.0832168310880661,-0.8152207732200623,-0.5517942905426025,0.14366629719734192
144,924,-308,-84,275,-150,-64,20,83,2747,-17115,-6688,-1720,0.08305413275957108,-0.8138330578804016,-0.5532244443893433,0.14609260857105255
151,932,-326,-84,275,-150,-35,11,78,2747,-17105,-6680,-1732,0.08315054327249527,-0.8143730163574219,-0.552102267742157,0.14727136492729187
154,916,-339,-84,275,-150,-28,23,64,2747,-17090,-6655,-1735,0.08284051716327667,-0.8151810765266418,-0.5506218671798706,0.1485108882188797
163,922,-331,-84,275,-150,-14,43,50,2747,-17070,-6642,-1742,0.08290103822946548,-0.8148003220558167,-0.5507320761680603,0.15015017986297607
156,917,-338,-84,275,-150,13,68,29,2747,-17058,-6641,-1754,0.08288107067346573,-0.8153238296508789,-0.5495793223381042,0.15153606235980988
131,924,-365,-85,285,-145,19,94,-1,2747,-17063,-6627,-1756,0.08432402461767197,-0.8156085014343262,-0.5495143532752991,0.14943887293338776
117,927,-367,-85,285,-145,15,135,8,2747,-17106,-6637,-1757,0.08623365312814713,-0.8156903386116028,-0.5498458743095398,0.14665274322032928
128,917,-351,-85,285,-145,14,179,4,2747,-17141,-6659,-1757,0.0871654525399208,-0.8142015337944031,-0.552286684513092,0.14520692825317383
171,922,-309,-85,285,-145,49,232,-39,2747,-17131,-6698,-1767,0.08601485192775726,-0.8127362728118896,-0.5537128448486328,0.14863240718841553
425,864,-440,-85,285,-145,88,107,-380,2747,-17086,-6679,-1777,0.08710312098264694,-0.813193678855896,-0.55253666639328,0.14986899495124817
176,905,-366,-85,285,-145,118,130,-338,2747,-17123,-6684,-1809,0.09022000432014465,-0.8123805522918701,-0.5536174774169922,0.14844414591789246
230,987,-482,-85,285,-145,172,222,-307,2747,-17152,-6705,-1829,0.0926792323589325,-0.8118861317634583,-0.5539635419845581,0.1483423262834549
251,941,-325,-87,279,-151,133,132,-422,2747,-17137,-6695,-1851,0.09472706913948059,-0.8119111657142639,-0.5532445311546326,0.14958086609840393
114,977,-464,-87,279,-151,171,111,-391,2747,-17184,-6688,-1880,0.09828882664442062,-0.8129770755767822,-0.5514402389526367,0.14813607931137085
-1,934,-289,-87,279,-151,107,358,-281,2747,-17227,-6684,-1903,0.10175412148237228,-0.812498152256012,-0.5519080758094788,0.1466868668794632
216,921,-365,-87,279,-151,113,199,-251,2747,-17204,-6671,-1914,0.10244963318109512,-0.8134203553199768,-0.5501477122306824,0.1476936936378479
142,950,-346,-87,279,-151,77,-23,-126,2747,-17236,-6667,-1926,0.10266359150409698,-0.813554048538208,-0.5499179363250732,0.14767372608184814
160,927,-414,-87,279,-151,100,-59,-193,2747,-17205,-6639,-1920,0.10256928950548172,-0.8150661587715149,-0.5478118658065796,0.14721661806106567
94,928,-359,-87,279,-151,40,-177,-140,2747,-17251,-6633,-1912,0.1040334478020668,-0.8159745335578918,-0.5471858382225037,0.14343474805355072
139,925,-414,-90,279,-152,25,-191,-141,2747,-17267,-6608,-1897,0.10413531959056854,-0.8174127340316772,-0.5455836653709412,0.1412595510482788
85,927,-343,-90,279,-152,19,-182,-140,2747,-17319,-6626,-1887,0.10600461810827255,-0.816383421421051,-0.5478717684745789,0.13690946996212006
37,922,-294,-90,279,-152,42,-76,-135,2747,-17375,-6673,-1885,0.10827962309122086,-0.8149570822715759,-0.5503847002983093,0.13351322710514069
95,939,-303,-90,279,-152,89,-23,-74,2747,-17419,-6712,-1891,0.10871310532093048,-0.8135097622871399,-0.5524464249610901,0.1334744542837143
189,943,-303,-90,279,-152,148,-29,-140,2747,-17383,-6717,-1894,0.10711250454187393,-0.8131480813026428,-0.5526129603385925,0.13625288009643555
219,973,-319,-90,279,-152,188,-108,-281,2747,-17349,-6710,-1895,0.1059202328324318,-0.8134979009628296,-0.5518391132354736,0.13820859789848328
13,928,-296,-90,279,-152,200,-111,-415,2747,-17369,-6716,-1901,0.10925114899873734,-0.8130123615264893,-0.5528745055198669,0.13428744673728943
-25,931,-285,-98,266,-152,252,-146,-190,2747,-17446,-6738,-1905,0.11229410767555237,-0.8126024603843689,-0.5539091229438782,0.12992554903030396
-7,947,-332,-98,266,-152,331,-154,-25,2747,-17506,-6747,-1904,0.11479859054088593,-0.8131343722343445,-0.5535726547241211,0.12577907741069794
32,950,-299,-98,266,-152,447,-213,215,2747,-17547,-6756,-1896,0.11491210013628006,-0.8141778111457825,-0.5523388981819153,0.12431883066892624
158,932,-447,-98,266,-152,472,-280,231,2747,-17516,-6689,-1878,0.11228467524051666,-0.8177266716957092,-0.5474997162818909,0.12483402341604233
76,903,-458,-98,266,-152,389,-305,129,2747,-17499,-6621,-1852,0.11113575100898743,-0.820996105670929,-0.5432525873184204,0.12294285744428635
31,876,-444,-98,266,-152,305,-332,136,2747,-17519,-6571,-1826,0.11066848784685135,-0.8237693905830383,-0.5398668646812439,0.11968383938074112
73,865,-487,-94,270,-165,262,-313,182,2747,-17530,-6522,-1798,0.1092519760131836,-0.8266451954841614,-0.5361343026161194,0.11792239546775818
109,873,-488,-94,270,-165,164,-288,160,2747,-17520,-6468,-1773,0.10757336020469666,-0.8292152285575867,-0.5326948761940002,0.11700459569692612
68,895,-461,-94,270,-165,79,-224,151,2747,-17518,-6425,-1752,0.10657980293035507,-0.8313014507293701,-0.5299311280250549,0.11565063893795013
105,877,-445,-94,270,-165,28,-182,180,2747,-17512,-6388,-1733,0.10478474944829941,-0.8331050276756287,-0.5274341106414795,0.11572910100221634
109,842,-431,-94,270,-165,18,-159,151,2747,-17486,-6351,-1714,0.1030406728386879,-0.8347879648208618,-0.525076687335968,0.11588609218597412
51,858,-456,-94,270,-165,10,-141,151,2747,-17490,-6321,-1698,0.10281098634004593,-0.8361799716949463,-0.5233710408210754,0.11375343799591064
76,892,-440,-94,270,-165,-19,-151,193,2747,-17514,-6311,-1681,0.10208354145288467,-0.8371291756629944,-0.522363543510437,0.11204060167074203
98,896,-441,-92,274,-156,-55,-127,173,2747,-17491,-6310,-1650,0.09776994585990906,-0.836310625076294,-0.524336040019989,0.11280080676078796
93,914,-385,-92,274,-156,-76,-104,146,2747,-17477,-6355,-1625,0.09586717188358307,-0.8341054916381836,-0.5281982421875,0.11275718361139297
136,921,-389,-92,274,-156,-63,-107,147,2747,-17458,-6398,-1611,0.09255953133106232,-0.8327370285987854,-0.5304005146026611,0.11525515466928482
133,893,-404,-92,274,-156,-62,-88,95,2747,-17403,-6401,-1594,0.0895010307431221,-0.8322765827178955,-0.531194269657135,0.11730525642633438
79,889,-425,-92,274,-156,-74,-65,72,2747,-17410,-6406,-1579,0.08955609798431396,-0.832781195640564,-0.5308738350868225,0.11511456221342087
97,870,-432,-92,274,-156,-97,-52,85,2747,-17423,-6395,-1566,0.08892467617988586,-0.8337391018867493,-0.5296844244003296,0.11414480954408646
83,892,-430,-92,274,-156,-130,-27,61,2747,-17429,-6382,-1554,0.08888272941112518,-0.8339713215827942,-0.5297365188598633,0.11223842203617096
76,903,-394,-98,271,-148,-144,-15,93,2747,-17458,-6423,-1540,0.08838857710361481,-0.8317380547523499,-0.5337333083152771,0.11025431752204895
95,922,-373,-98,271,-148,-136,-11,113,2747,-17470,-6481,-1529,0.08698229491710663,-0.8293079733848572,-0.5376517176628113,0.11064711213111877
125,930,-355,-98,271,-148,-105,-20,99,2747,-17442,-6525,-1522,0.0846736803650856,-0.8272402286529541,-0.5407075881958008,0.11299993097782135
149,934,-358,-98,271,-148,-82,-51,80,2747,-17404,-6556,-1517,0.08200103044509888,-0.8256153464317322,-0.5429789423942566,0.11592191457748413
143,930,-364,-98,271,-148,-37,-56,32,2747,-17360,-6578,-1511,0.07933835685253143,-0.8244389891624451,-0.54449862241745,0.1189616397023201
89,906,-364,-98,271,-148,-20,-73,27,2747,-17348,-6588,-1505,0.07925084233283997,-0.8247474431991577,-0.5442573428153992,0.11797486990690231
76,881,-439,-98,271,-148,-22,-42,34,2747,-17358,-6564,-1497,0.0795271173119545,-0.8262627720832825,-0.5421983003616333,0.11666249483823776
22,865,-465,-89,260,-145,-69,-13,65,2747,-17374,-6538,-1491,0.08034496754407883,-0.8275315165519714,-0.5405397415161133,0.11479291319847107
25,862,-477,-89,260,-145,-133,26,125,2747,-17393,-6520,-1486,0.0808727815747261,-0.8286110162734985,-0.5390959978103638,0.11341552436351776
46,881,-446,-89,260,-145,-205,59,135,2747,-17404,-6504,-1483,0.08151616156101227,-0.829234778881073,-0.5383245944976807,0.11205318570137024
40,909,-433,-89,260,-145,-239,74,169,2747,-17424,-6502,-1481,0.08236915618181229,-0.829237163066864,-0.5385366082191467,0.11037935316562653
116,924,-354,-89,260,-145,-258,32,193,2747,-17427,-6533,-1480,0.08056214451789856,-0.8271312713623047,-0.5415253043174744,0.1128838062286377
150,939,-352,-89,260,-145,-235,20,161,2747,-17370,-6563,-1480,0.07762579619884491,-0.8253326416015625,-0.5437566637992859,0.11729055643081665
119,941,-366,-90,276,-152,-218,-15,148,2747,-17319,-6588,-1485,0.07629063725471497,-0.8237809538841248,-0.5456547737121582,0.12020140141248703
110,916,-379,-90,276,-152,-224,-35,159,2747,-17310,-6590,-1486,0.07615987956523895,-0.8238072991371155,-0.5456156730651855,0.12028082460165024
125,898,-373,-90,276,-152,-188,-26,181,2747,-17295,-6595,-1488,0.07500690221786499,-0.8239584565162659,-0.5451987385749817,0.12185227125883102
100,897,-378,-90,276,-152,-181,-47,172,2747,-17285,-6577,-1481,0.07476124912500381,-0.8246734738349915,-0.5442986488342285,0.12119025737047195
134,954,-362,-90,276,-152,-190,-45,186,2747,-17287,-6585,-1478,0.07373228669166565,-0.8233751654624939,-0.5460366606712341,0.1228368878364563
194,937,-323,-90,276,-152,-179,-48,180,2747,-17241,-6614,-1480,0.07080637663602829,-0.8216738700866699,-0.5480970740318298,0.1267157793045044
210,927,-305,-90,276,-152,-141,-59,110,2747,-17184,-6628,-1476,0.06793544441461563,-0.8203906416893005,-0.5494884252548218,0.13052111864089966
159,912,-328,-88,285,-140,-87,-101,71,2747,-17143,-6654,-1472,0.06521426141262054,-0.8184396624565125,-0.5522409081459045,0.13252024352550507
120,843,-308,-88,285,-140,-32,-53,57,2747,-17132,-6699,-1458,0.06462617218494415,-0.8163862824440002,-0.5555539727210999,0.13162681460380554
128,936,-505,-88,285,-140,120,80,92,2747,-17155,-6705,-1456,0.06522903591394424,-0.8179651498794556,-0.553429901599884,0.13044969737529755
161,927,-341,-88,285,-140,8,15,60,2747,-17140,-6696,-1448,0.06286686658859253,-0.8173617720603943,-0.5540592670440674,0.13271388411521912
180,876,-267,-88,285,-140,97,102,47,2747,-17094,-6705,-1449,0.06176621466875076,-0.8172691464424133,-0.5537732839584351,0.13496272265911102
69,1151,-243,-88,285,-140,118,71,24,2747,-17098,-6694,-1456,0.06296677142381668,-0.8173149824142456,-0.5537618398666382,0.1341744065284729
164,1055,-191,-88,285,-140,147,-37,29,2747,-17098,-6692,-1457,0.06221044808626175,-0.8177095651626587,-0.5529248118400574,0.13556812703609467
133,934,-306,-90,281,-145,82,15,-40,2747,-17088,-6667,-1460,0.06313647329807281,-0.8175594806671143,-0.5531736016273499,0.13505272567272186
131,913,-348,-90,281,-145,137,11,1,2747,-17109,-6680,-1466,0.06487534195184708,-0.8172922730445862,-0.5537891387939453,0.13330768048763275
136,895,-311,-90,281,-145,186,10,15,2747,-17143,-6709,-1476,0.06576608121395111,-0.8159539103507996,-0.5556690692901611,0.13324479758739471
147,793,-276,-90,281,-145,192,-9,-39,2747,-17117,-6701,-1480,0.06514392793178558,-0.8162094354629517,-0.5550658106803894,0.13450400531291962
288,1118,-673,-90,281,-145,400,76,1,2747,-17108,-6684,-1481,0.06452862173318863,-0.8178960084915161,-0.5523777604103088,0.1356050968170166
223,920,-175,-90,281,-145,168,-88,-122,2747,-17095,-6685,-1479,0.06357819586992264,-0.8171517848968506,-0.5532756447792053,0.1368756741285324
255,959,-285,-90,281,-145,188,-39,-237,2747,-17060,-6676,-1480,0.06307405978441238,-0.8166866302490234,-0.5536203980445862,0.1384914666414261
203,957,-260,-95,286,-155,310,-109,-278,2747,-17063,-6695,-1491,0.06346364319324493,-0.8159450888633728,-0.5544974207878113,0.13917100429534912
258,1008,-311,-95,286,-155,425,-191,-379,2747,-17052,-6694,-1497,0.0632304698228836,-0.8163290023803711,-0.553692638874054,0.14021894335746765
301,1120,-471,-95,286,-155,411,-318,-612,2747,-17046,-6656,-1495,0.06425556540489197,-0.8188300728797913,-0.550314724445343,0.13843964040279388
-48,932,-265,-95,286,-155,315,-265,-638,2747,-17126,-6651,-1496,0.06915689259767532,-0.8191087245941162,-0.5509812235832214,0.13163040578365326
46,842,-394,-95,286,-155,417,-253,-395,2747,-17211,-6643,-1494,0.07227497547864914,-0.8215565085411072,-0.5481341481208801,0.12646760046482086
15,795,-430,-95,286,-155,432,-212,-441,2747,-17264,-6594,-1488,0.0753805935382843,-0.8244432210922241,-0.5444715023040771,0.12160073965787888
-56,845,-529,-104,269,-152,407,-189,-383,2747,-17330,-6551,-1485,0.0784669890999794,-0.8271918892860413,-0.5409248471260071,0.11671096831560135
13,845,-558,-104,269,-152,287,-149,-287,2747,-17380,-6506,-1480,0.08065521717071533,-0.8297427892684937,-0.5374780297279358,0.11297526210546494
-22,824,-537,-104,269,-152,172,-107,-263,2747,-17424,-6468,-1477,0.0829441025853157,-0.8317834138870239,-0.5347422957420349,0.10923422127962112
-76,816,-530,-104,269,-152,92,-54,-198,2747,-17475,-6443,-1475,0.08539007604122162,-0.8333168625831604,-0.5327296853065491,0.10543002188205719
-28,828,-586,-104,269,-152,-50,8,-125,2747,-17514,-6419,-1475,0.08704842627048492,-0.8346760869026184,-0.5307971835136414,0.10303953289985657
2,841,-532,-104,269,-152,-200,72,-127,2747,-17540,-6401,-1477,0.0887787938117981,-0.8354160785675049,-0.5297352075576782,0.10101145505905151
-26,871,-475,-104,269,-152,-284,117,-93,2747,-17579,-6404,-1483,0.09103517979383469,-0.8352565169334412,-0.5301235318183899,0.09824720770120621
58,876,-397,-98,267,-160,-287,125,-39,2747,-17610,-6417,-1490,0.09233133494853973,-0.8340583443641663,-0.5318087935447693,0.09812848269939423
90,917,-360,-98,267,-160,-238,111,0,2747,-17589,-6464,-1507,0.0914747565984726,-0.8314542770385742,-0.5353503227233887,0.10170878469944
115,939,-368,-98,267,-160,-194,65,3,2747,-17543,-6493,-1520,0.0901368111371994,-0.8300504684448242,-0.5369231104850769,0.1059713065624237
69,909,-363,-98,267,-160,-166,13,42,2747,-17524,-6522,-1543,0.09172805398702621,-0.8285763263702393,-0.5387420654296875,0.10689858347177505
63,908,-398,-98,267,-160,-101,-14,115,2747,-17532,-6514,-1552,0.0922469049692154,-0.8293339610099792,-0.5374960899353027,0.1068488359451294
66,905,-388,-98,267,-160,-83,-39,131,2747,-17534,-6496,-1554,0.09291668236255646,-0.8299910426139832,-0.5364810228347778,0.10626735538244247
84,917,-401,-98,267,-160,-65,-33,139,2747,-17534,-6483,-1557,0.09242928773164749,-0.8302187323570251,-0.536156952381134,0.10657256096601486
95,921,-386,-102,262,-142,-66,-33,120,2748,-17520,-6516,-1539,0.08970169723033905,-0.8280646204948425,-0.5397796034812927,0.1073746606707573
109,919,-391,-102,262,-142,-59,-18,64,2748,-17489,-6551,-1524,0.08666688203811646,-0.8266246318817139,-0.5421171188354492,0.1091490164399147
64,919,-398,-102,262,-142,-58,20,33,2748,-17494,-6568,-1510,0.08728901296854019,-0.8262385129928589,-0.5430892109870911,0.10672906786203384
93,910,-396,-102,262,-142,-56,17,53,2748,-17510,-6581,-1501,0.08659784495830536,-0.826606035232544,-0.5427134037017822,0.10634120553731918
46,895,-410,-102,262,-142,-64,29,45,2748,-17521,-6567,-1494,0.087359718978405,-0.8273298740386963,-0.541874349117279,0.10435421764850616
59,884,-411,-102,262,-142,-69,35,96,2748,-17546,-6558,-1489,0.08758734166622162,-0.8282180428504944,-0.5407443046569824,0.10296578705310822
90,898,-401,-102,262,-142,-72,26,102,2748,-17539,-6543,-1478,0.08603155612945557,-0.8285377025604248,-0.5403633713722229,0.10370010137557983
94,919,-398,-97,274,-148,-71,4,108,2748,-17522,-6549,-1468,0.08401557058095932,-0.8281886577606201,-0.5409346222877502,0.10516338050365448
128,917,-390,-97,274,-148,-63,-11,93,2748,-17470,-6542,-1459,0.08099329471588135,-0.8281813263893127,-0.5407643914222717,0.10842075943946838
108,923,-381,-97,274,-148,-60,-17,66,2748,-17431,-6558,-1450,0.07910425961017609,-0.8272596597671509,-0.5421671271324158,0.10982388257980347
61,891,-410,-97,274,-148,-61,7,40,2748,-17439,-6552,-1444,0.07993083447217941,-0.8279659748077393,-0.5413680076599121,0.10783529281616211
31,899,-430,-97,274,-148,-84,12,75,2748,-17470,-6544,-1439,0.08128330111503601,-0.8285771608352661,-0.5407590866088867,0.1051550954580307
9,895,-430,-97,274,-148,-112,40,124,2748,-17504,-6540,-1436,0.08252391964197159,-0.8290976881980896,-0.5402413606643677,0.10271698981523514
16,883,-423,-93,276,-144,-146,58,169,2748,-17531,-6535,-1431,0.08339288830757141,-0.8294169902801514,-0.5400444865226746,0.10044886916875839
29,903,-425,-93,276,-144,-176,45,213,2748,-17558,-6538,-1423,0.0837261900305748,-0.8294780850410461,-0.5402914881706238,0.09831128269433975
54,910,-386,-93,276,-144,-185,34,249,2748,-17582,-6568,-1411,0.08359729498624802,-0.8275550603866577,-0.5435571074485779,0.096635602414608
57,898,-320,-93,276,-144,-118,51,319,2748,-17588,-6621,-1406,0.0817919671535492,-0.8257935047149658,-0.5462169051170349,0.09821681678295135
177,947,-400,-93,276,-144,-114,-17,278,2748,-17526,-6612,-1395,0.07799381762742996,-0.8257302641868591,-0.5461074113845825,0.10238286107778549
185,903,-317,-93,276,-144,-62,-6,253,2748,-17465,-6627,-1388,0.0744774267077446,-0.824639081954956,-0.5474530458450317,0.10652510821819305
193,992,-414,-93,276,-144,30,27,193,2748,-17400,-6623,-1382,0.07130720466375351,-0.8250084519386292,-0.5465465188026428,0.11040113866329193
191,876,-266,-94,277,-145,-18,-50,116,2748,-17352,-6623,-1375,0.06882583349943161,-0.8236811757087708,-0.5482722520828247,0.11331616342067719
217,918,-471,-94,277,-145,177,119,96,2748,-17308,-6616,-1375,0.06716057658195496,-0.8248447775840759,-0.5461465120315552,0.1160542294383049
127,848,-347,-94,277,-145,118,66,5,2748,-17277,-6603,-1375,0.06613992154598236,-0.8237777948379517,-0.5474750399589539,0.11797342449426651
128,1164,-502,-94,277,-145,379,262,36,2748,-17268,-6612,-1384,0.06693743169307709,-0.824802577495575,-0.5456266403198242,0.11889394372701645
144,932,-238,-94,277,-145,-92,-54,-35,2748,-17275,-6590,-1388,0.06688866764307022,-0.8241554498672485,-0.5465953946113586,0.11898674815893173
282,885,-389,-94,277,-145,20,149,-93,2748,-17236,-6596,-1394,0.06543946266174316,-0.8236952424049377,-0.5466334223747253,0.12274175882339478
76,950,-258,-94,277,-145,131,109,-173,2748,-17230,-6621,-1411,0.0671112909913063,-0.8219844102859497,-0.5490958094596863,0.12231871485710144
188,850,-275,-99,273,-148,222,-52,-156,2748,-17231,-6645,-1420,0.06647971272468567,-0.8212611079216003,-0.5498337149620056,0.12419109791517258
108,1051,-601,-99,273,-148,390,95,-246,2748,-17216,-6618,-1426,0.06821417063474655,-0.8233644962310791,-0.5467070937156677,0.12310188263654709
62,960,-343,-99,273,-148,199,-87,-117,2748,-17271,-6613,-1431,0.07012969255447388,-0.8240199089050293,-0.5461124181747437,0.12024153769016266
152,910,-342,-99,273,-148,130,-39,-170,2748,-17258,-6586,-1428,0.06968724727630615,-0.8237645626068115,-0.5463302135467529,0.12128438800573349
142,947,-238,-99,273,-148,224,-78,-186,2748,-17267,-6616,-1435,0.07021906226873398,-0.8225805759429932,-0.5480771064758301,0.12113144248723984
145,951,-219,-99,273,-148,375,-78,-248,2748,-17276,-6634,-1441,0.07095029205083847,-0.8219285607337952,-0.549019455909729,0.12086384743452072
278,1096,-359,-99,273,-148,476,-152,-357,2748,-17271,-6634,-1446,0.07074644416570663,-0.8226542472839355,-0.5477187633514404,0.12192713469266891
230,1180,-414,-102,272,-160,358,-330,-624,2748,-17260,-6599,-1449,0.07222595065832138,-0.8231593370437622,-0.5469858050346375,0.12094937264919281
4,916,-405,-102,272,-160,328,-305,-635,2748,-17340,-6611,-1459,0.07685846835374832,-0.8246533870697021,-0.5454462766647339,0.11468445509672165
-51,744,-513,-102,272,-160,269,-225,-521,2748,-17410,-6574,-1457,0.08021187037229538,-0.8271011710166931,-0.5422640442848206,0.10974574834108353
-90,740,-564,-102,272,-160,204,-112,-413,2748,-17469,-6537,-1459,0.08335069566965103,-0.8292964100837708,-0.539263904094696,0.10554338246583939
-99,773,-572,-102,272,-160,138,-68,-272,2748,-17521,-6503,-1461,0.08600246161222458,-0.8312312960624695,-0.5365523099899292,0.10195421427488327
-90,793,-549,-102,272,-160,62,-38,-150,2748,-17563,-6473,-1462,0.08806333690881729,-0.8329065442085266,-0.5341745018959045,0.09896433353424072
-68,800,-516,-113,260,-158,-1,-28,-39,2748,-17598,-6448,-1461,0.08972953259944916,-0.8342508673667908,-0.5323048830032349,0.09617910534143448
-17,848,-460,-113,260,-158,-44,-13,62,2748,-17630,-6430,-1458,0.090814508497715,-0.8353883028030396,-0.5307172536849976,0.0940329059958458
69,906,-462,-113,260,-158,-89,6,70,2748,-17635,-6404,-1454,0.09045888483524323,-0.8364846110343933,-0.5290193557739258,0.09419150650501251
81,930,-420,-113,260,-158,-138,11,39,2748,-17617,-6405,-1453,0.08885922282934189,-0.8353855609893799,-0.5305711627006531,0.09672590345144272
130,916,-426,-113,260,-158,-142,-7,16,2748,-17568,-6412,-1453,0.08656321465969086,-0.8350433111190796,-0.5308330059051514,0.10025620460510254
69,919,-388,-113,260,-158,-147,-9,-43,2748,-17552,-6438,-1457,0.08719556033611298,-0.8327670097351074,-0.5343314409255981,0.1000765860080719
54,915,-393,-113,260,-158,-96,8,-26,2748,-17585,-6480,-1467,0.08884028345346451,-0.8321534991264343,-0.5351760983467102,0.09918491542339325
63,901,-393,-112,260,-155,-84,6,-44,2748,-17585,-6473,-1474,0.09004554152488708,-0.8322014212608337,-0.5351133346557617,0.09803048521280289
18,899,-411,-112,260,-155,-71,20,-39,2748,-17625,-6481,-1478,0.09213915467262268,-0.8324223160743713,-0.534892201423645,0.09538199007511139
25,886,-400,-112,260,-155,-74,20,-13,2748,-17664,-6480,-1481,0.09417092055082321,-0.8325669169425964,-0.5347824692726135,0.09271212667226791
19,898,-424,-112,260,-155,-68,41,15,2748,-17697,-6479,-1484,0.0956832766532898,-0.833167314529419,-0.5339008569717407,0.09083131700754166
25,891,-417,-112,260,-155,-79,37,32,2748,-17716,-6466,-1486,0.09665974974632263,-0.8338238000869751,-0.5329142808914185,0.08955654501914978
66,909,-423,-112,260,-155,-93,39,45,2748,-17716,-6455,-1487,0.09582622349262238,-0.8342577815055847,-0.532145619392395,0.09097515791654587
86,922,-409,-112,260,-155,-108,40,-3,2748,-17675,-6449,-1488,0.09385361522436142,-0.8335430026054382,-0.5330395102500916,0.09429839998483658
63,901,-385,-112,264,-156,-100,26,-32,2748,-17647,-6485,-1491,0.09341646730899811,-0.8312302827835083,-0.5364596843719482,0.09573128074407578
68,929,-385,-112,264,-156,-71,28,-44,2748,-17634,-6526,-1502,0.09302918612957001,-0.8292639851570129,-0.5391316413879395,0.09813392907381058
85,912,-408,-112,264,-156,-67,21,-90,2748,-17610,-6528,-1511,0.09308547526597977,-0.8298720717430115,-0.5379926562309265,0.09916921705007553
28,900,-405,-112,264,-156,-73,17,-71,2748,-17635,-6519,-1517,0.09483091533184052,-0.8304790258407593,-0.537109375,0.09720486402511597
12,869,-441,-112,264,-156,-88,-1,-19,2748,-17654,-6501,-1518,0.09597518295049667,-0.8314968347549438,-0.5356442332267761,0.09545249491930008
-36,845,-463,-112,264,-156,-89,13,62,2748,-17684,-6488,-1517,0.09727535396814346,-0.832358717918396,-0.5344791412353516,0.09312895685434341
-14,859,-467,-112,264,-156,-117,15,145,2748,-17705,-6472,-1513,0.09772859513759613,-0.8331009745597839,-0.5336100459098816,0.09097827970981598
0,886,-449,-112,273,-144,-160,34,166,2748,-17735,-6477,-1496,0.09779886901378632,-0.8328062295913696,-0.5345655679702759,0.08794566243886948
11,919,-394,-112,273,-144,-186,24,199,2748,-17766,-6516,-1478,0.09699872881174088,-0.8307278156280518,-0.5381619334220886,0.08657234162092209
99,915,-342,-112,273,-144,-157,-2,211,2748,-17745,-6564,-1467,0.09412747621536255,-0.8287169337272644,-0.5413392186164856,0.08916136622428894
111,918,-333,-112,273,-144,-118,-16,160,2748,-17700,-6597,-1457,0.09128289669752121,-0.8269184231758118,-0.5440974831581116,0.09198423475027084
111,929,-362,-112,273,-144,-74,-20,124,2748,-17657,-6626,-1448,0.08805826306343079,-0.8256877660751343,-0.5459505319595337,0.09512659162282944
65,892,-402,-112,273,-144,-70,-19,93,2748,-17622,-6621,-1435,0.08696509897708893,-0.8264795541763306,-0.5449481010437012,0.09499389678239822
-24,871,-456,-114,273,-144,-94,13,125,2748,-17643,-6606,-1427,0.08771026879549026,-0.8273812532424927,-0.5438426733016968,0.0927751287817955
-27,909,-485,-114,273,-144,-128,31,202,2748,-17667,-6594,-1419,0.08824509382247925,-0.8281298279762268,-0.5429617762565613,0.09072450548410416
14,941,-462,-114,273,-144,-174,42,259,2748,-17685,-6587,-1410,0.08743740618228912,-0.8282255530357361,-0.5431429743766785,0.08953680098056793
103,904,-334,-114,273,-144,-168,31,283,2748,-17658,-6621,-1393,0.08415338397026062,-0.8261687159538269,-0.5462589263916016,0.09270596504211426
156,883,-282,-114,273,-144,-52,7,226,2748,-17604,-6645,-1386,0.08103219419717789,-0.8248404860496521,-0.5481167435646057,0.09627515077590942
169,814,-245,-114,273,-144,10,-130,156,2748,-17550,-6655,-1377,0.07773279398679733,-0.8241181969642639,-0.5491334795951843,0.09934241324663162
195,989,-480,-114,273,-144,17,-113,32,2748,-17507,-6639,-1364,0.07513739913702011,-0.8246448636054993,-0.5483139753341675,0.10147654265165329
20,720,-55,-99,273,-147,55,-40,65,2748,-17490,-6666,-1358,0.07484573870897293,-0.8239317536354065,-0.5493399500846863,0.10190224647521973
-40,1037,-618,-99,273,-147,63,128,11,2748,-17495,-6631,-1367,0.07626424729824066,-0.8248511552810669,-0.5480061769485474,0.100620336830616
190,587,-150,-99,273,-147,81,82,156,2748,-17492,-6655,-1363,0.07464349269866943,-0.8237292170524597,-0.5493635535240173,0.10357817262411118
70,957,-528,-99,273,-147,168,337,4,2748,-17458,-6623,-1382,0.07611428946256638,-0.8246794939041138,-0.547572910785675,0.10442609339952469
167,950,-303,-99,273,-147,210,118,88,2748,-17461,-6645,-1393,0.07505210489034653,-0.8242484331130981,-0.5478295683860779,0.10720309615135193
274,1004,-259,-99,273,-147,183,155,-99,2748,-17409,-6629,-1401,0.07395561784505844,-0.8241206407546997,-0.5473963022232056,0.11109310388565063
169,854,-166,-99,273,-147,256,64,-143,2748,-17379,-6632,-1419,0.073732390999794,-0.8235639333724976,-0.5477955937385559,0.11337902396917343
270,959,-347,-98,276,-150,317,-38,-317,2748,-17346,-6609,-1426,0.07316569983959198,-0.824131965637207,-0.5465971231460571,0.11539233475923538
283,839,-225,-98,276,-150,418,-175,-398,2748,-17337,-6608,-1429,0.07311391085386276,-0.8243265151977539,-0.5461944937705994,0.1159399226307869
26,800,-239,-98,276,-150,639,-53,-541,2748,-17351,-6601,-1439,0.07645255327224731,-0.8249754309654236,-0.5453567504882812,0.1130705326795578
-25,1056,-425,-98,276,-150,792,-177,-434,2748,-17435,-6573,-1446,0.08099585026502609,-0.8271663188934326,-0.5426123738288879,0.10693613439798355
143,1134,-511,-98,276,-150,751,-132,-407,2748,-17489,-6542,-1448,0.08220905810594559,-0.82953280210495,-0.539091944694519,0.1054704487323761
285,1185,-386,-98,276,-150,564,-272,-570,2748,-17484,-6509,-1448,0.0826558992266655,-0.8301413059234619,-0.5382060408592224,0.10487183183431625
142,1034,-242,-98,276,-150,623,-273,-723,2748,-17514,-6510,-1451,0.08521945029497147,-0.8302267789840698,-0.5382673144340515,0.10178429633378983
103,1055,-336,-108,255,-157,639,-396,-792,2748,-17567,-6518,-1458,0.08776245266199112,-0.8303478360176086,-0.5381627678871155,0.09914813935756683
93,1027,-433,-108,255,-157,587,-329,-910,2748,-17596,-6497,-1472,0.09099859744310379,-0.8324263691902161,-0.5348467230796814,0.09668558835983276
78,943,-460,-108,255,-157,469,-313,-969,2748,-17657,-6447,-1482,0.09508538991212845,-0.8350427746772766,-0.5308298468589783,0.09222389757633209
10,840,-419,-108,255,-157,460,-325,-1005,2748,-17733,-6407,-1494,0.10051187872886658,-0.8371894955635071,-0.5275673866271973,0.08549147099256516
-140,763,-468,-108,255,-157,497,-405,-889,2748,-17846,-6378,-1500,0.1059357225894928,-0.8393777012825012,-0.524309515953064,0.07712298631668091
-228,652,-584,-108,255,-157,528,-459,-676,2748,-17949,-6340,-1495,0.10992495715618134,-0.8420745134353638,-0.5202274918556213,0.06939695030450821
-259,599,-625,-130,239,-166,503,-431,-481,2748,17965,-6292,-1484,0.11293253302574158,-0.84489506483078,-0.515857458114624,0.06257308274507523
-304,670,-663,-130,239,-166,467,-393,-291,2748,17894,-6241,-1471,0.11511892080307007,-0.8475900888442993,-0.5116432309150696,0.05644192174077034
-191,708,-570,-130,239,-166,420,-422,-101,2748,17834,-6193,-1452,0.1160283088684082,-0.8502603769302368,-0.5075370073318481,0.05123787373304367
-85,766,-593,-130,239,-166,388,-395,-76,2748,17796,-6138,-1431,0.1162535548210144,-0.8529843091964722,-0.5032922625541687,0.047161415219306946
-104,819,-531,-130,239,-166,311,-379,-57,2748,17755,-6093,-1410,0.11679773777723312,-0.8549102544784546,-0.5003185272216797,0.04232964664697647
-20,864,-506,-130,239,-166,268,-312,-45,2748,17732,-6063,-1387,0.11488980054855347,-0.8562684655189514,-0.4984813928604126,0.04178795963525772
-51,874,-474,-130,239,-166,225,-229,-110,2748,17742,-6071,-1367,0.11450027674436569,-0.8552438616752625,-0.5005137324333191,0.039501484483480453
-100,824,-485,-134,237,-166,229,-185,-79,2748,17684,-6082,-1355,0.11615408211946487,-0.8560076951980591,-0.49916353821754456,0.03491770103573799
-125,792,-544,-134,237,-166,219,-110,-48,2748,17643,-6051,-1347,0.1175156980752945,-0.8576531410217285,-0.4962415099143982,0.03146911785006523
-166,776,-573,-134,237,-166,162,-66,-6,2748,17604,-6018,-1343,0.11888877302408218,-0.8591488003730774,-0.4935166835784912,0.028196673840284348
-112,782,-611,-134,237,-166,99,-7,51,2748,17579,-5983,-1340,0.11957843601703644,-0.860767662525177,-0.4906231462955475,0.02632502280175686
-95,790,-537,-134,237,-166,54,-2,35,2748,17558,-5954,-1336,0.12038388848304749,-0.8617305159568787,-0.48886239528656006,0.023793457075953484
-99,848,-546,-134,237,-166,30,0,57,2748,17526,-5944,-1327,0.12012016773223877,-0.8615416884422302,-0.4893615245819092,0.02167580835521221
-50,881,-493,-134,237,-166,10,3,72,2748,17537,-5980,-1309,0.11787082999944687,-0.860122799873352,-0.49230605363845825,0.02364344894886017
-18,886,-476,-133,231,-165,22,-2,46,2748,17578,-6004,-1303,0.11553625762462616,-0.8592473268508911,-0.49421530961990356,0.02691762149333954
-22,888,-467,-133,231,-165,46,-41,17,2748,17620,-6023,-1297,0.11341073364019394,-0.8582131266593933,-0.4963423013687134,0.029688799753785133
-18,886,-471,-133,231,-165,77,-91,12,2748,17655,-6047,-1290,0.11122820526361465,-0.8572826385498047,-0.4982723295688629,0.032360516488552094
-36,883,-478,-133,231,-165,108,-90,-18,2748,17693,-6064,-1285,0.10984944552183151,-0.8567424416542053,-0.4993712306022644,0.034293752163648605
-43,839,-497,-133,231,-165,131,-115,-35,2748,17698,-6046,-1283,0.10996551811695099,-0.857966423034668,-0.4972982108592987,0.03344424068927765
-77,838,-516,-133,231,-165,133,-119,-46,2748,17677,-6020,-1279,0.1109120175242424,-0.859228789806366,-0.4950721561908722,0.03085499070584774
-104,824,-534,-133,231,-165,126,-115,-23,2748,17641,-5995,-1274,0.11210673302412033,-0.8604377508163452,-0.4928915202617645,0.027584152296185493
-102,809,-553,-134,226,-165,116,-100,3,2748,17611,-5965,-1268,0.11285058408975601,-0.8619565963745117,-0.49018633365631104,0.025236817076802254
-94,811,-566,-134,226,-165,54,-79,2,2748,17591,-5932,-1264,0.1134258583188057,-0.8633431792259216,-0.487703800201416,0.023280363529920578
-123,822,-546,-134,226,-165,11,-46,7,2748,17564,-5910,-1259,0.11454827338457108,-0.8641195893287659,-0.48619508743286133,0.020376896485686302
-116,807,-540,-134,226,-165,-12,-35,40,2748,17528,-5897,-1254,0.11553044617176056,-0.8646813035011292,-0.4850737452507019,0.017501816153526306
-88,805,-535,-134,226,-165,-23,-18,73,2748,17505,-5886,-1247,0.1156691387295723,-0.8652672171592712,-0.4840528964996338,0.015779860317707062
-60,808,-550,-134,226,-165,-46,-5,75,2748,17506,-5867,-1240,0.11460495740175247,-0.866286039352417,-0.48245683312416077,0.01651947572827339
-89,819,-554,-130,236,-161,-83,29,40,2748,17525,-5857,-1228,0.11305901408195496,-0.8657793402671814,-0.4837559759616852,0.01580146886408329
-77,824,-525,-130,236,-161,-118,34,62,2748,17509,-5898,-1202,0.11086460947990417,-0.8644012212753296,-0.4867301285266876,0.015402344986796379
-34,811,-512,-130,236,-161,-125,51,66,2748,17549,-5919,-1184,0.10782569646835327,-0.8637198805809021,-0.4885043799877167,0.01874489150941372
-22,843,-488,-130,236,-161,-105,42,51,2748,17597,-5941,-1174,0.10524650663137436,-0.8623732924461365,-0.49131152033805847,0.021851390600204468
-21,880,-459,-130,236,-161,-77,33,35,2748,17629,-5981,-1167,0.10359914600849152,-0.8606074452400208,-0.4946458339691162,0.02402837574481964
-25,882,-448,-130,236,-161,-16,25,22,2748,17655,-6020,-1163,0.10201140493154526,-0.8590294122695923,-0.4975953698158264,0.026276571676135063
-41,862,-453,-130,236,-161,61,15,17,2748,17681,-6054,-1159,0.1012377217411995,-0.8572758436203003,-0.5007243752479553,0.027061723172664642
-50,867,-480,-132,231,-165,105,6,40,2748,17668,-6076,-1161,0.10175066441297531,-0.8577404618263245,-0.49981650710105896,0.02711118571460247
-43,845,-570,-132,231,-165,74,-6,5,2748,17679,-6037,-1165,0.10193566232919693,-0.8594343662261963,-0.49685725569725037,0.027171814814209938
-105,817,-563,-132,231,-165,-9,7,-13,2748,17668,-6004,-1168,0.10307309031486511,-0.8606748580932617,-0.4945560097694397,0.02556028962135315
-99,801,-553,-132,231,-165,-61,17,15,2748,17646,-5979,-1170,0.10401737689971924,-0.8617478013038635,-0.4925544857978821,0.024188078939914703
-86,799,-546,-132,231,-165,-79,52,10,2748,17633,-5955,-1173,0.10497202724218369,-0.8626834750175476,-0.4907664656639099,0.023023387417197227
-72,834,-530,-132,231,-165,-102,63,10,2748,17617,-5940,-1177,0.10517878830432892,-0.8630656003952026,-0.490052193403244,0.022950205951929092
-32,876,-487,-132,231,-165,-123,72,-3,2748,17643,-5966,-1176,0.10385455936193466,-0.8610775470733643,-0.49369609355926514,0.025561656802892685
-22,892,-448,-138,238,-162,-90,56,-15,2748,17665,-6011,-1176,0.10294346511363983,-0.8590728640556335,-0.4972917139530182,0.026978367939591408
-37,899,-423,-138,238,-162,-22,40,-12,2748,17674,-6056,-1174,0.1021934226155281,-0.85721755027771,-0.5005739331245422,0.02811313234269619
-20,892,-458,-138,238,-162,38,0,-5,2748,17696,-6092,-1171,0.10049743205308914,-0.8559544086456299,-0.5029255151748657,0.030558506026864052
-58,870,-485,-138,238,-162,56,-9,-38,2748,17716,-6104,-1168,0.10074888914823532,-0.8561007976531982,-0.5026623606681824,0.02992219477891922
-87,844,-518,-138,238,-162,49,-21,-4,2748,17684,-6086,-1168,0.10197272896766663,-0.8570841550827026,-0.5008755922317505,0.02748543582856655
-76,822,-524,-138,238,-162,48,-19,13,2748,17666,-6058,-1165,0.10252079367637634,-0.8584566116333008,-0.4984866678714752,0.02600894682109356
-90,816,-535,-138,238,-162,28,-15,10,2748,17648,-6029,-1163,0.10335723310709,-0.8595632314682007,-0.4965105652809143,0.02387091889977455
-77,833,-531,-137,239,-162,1,-13,39,2748,17621,-6011,-1158,0.1038535013794899,-0.8603952527046204,-0.49506065249443054,0.02173495665192604
-65,848,-520,-137,239,-162,-17,-12,46,2748,17606,-6001,-1147,0.10296094417572021,-0.8604775071144104,-0.49514535069465637,0.020780611783266068
-53,850,-503,-137,239,-162,-21,-31,36,2748,17617,-6015,-1130,0.10087375342845917,-0.8598038554191589,-0.4967074394226074,0.021636178717017174
-56,845,-485,-137,239,-162,-11,-44,41,2748,17635,-6040,-1114,0.09949588775634766,-0.8587846159934998,-0.49874383211135864,0.021612070500850677
-36,858,-505,-137,239,-162,0,-48,44,2748,17644,-6044,-1104,0.09803326427936554,-0.8592290878295898,-0.49821963906288147,0.022694414481520653
-71,855,-513,-137,239,-162,-18,-26,12,2748,17652,-6040,-1096,0.09793912619352341,-0.8592004179954529,-0.4983390271663666,0.021528495475649834
-69,843,-491,-137,239,-162,8,-14,21,2748,17625,-6052,-1089,0.09859269112348557,-0.859032928943634,-0.4985811710357666,0.019540661945939064
-51,845,-508,-137,239,-162,5,-13,23,2748,17626,-6031,-1087,0.09772482514381409,-0.8598553538322449,-0.4973035752773285,0.020264245569705963
-57,846,-487,-137,239,-162,15,-9,17,2748,17646,-6034,-1079,0.096176877617836,-0.8594712018966675,-0.4982113540172577,0.021620819345116615
-46,851,-492,-137,239,-162,32,-15,11,2748,17666,-6032,-1073,0.09502911567687988,-0.8597917556762695,-0.49783551692962646,0.022579440847039223
-51,870,-515,-137,239,-162,-1,-8,-35,2748,17675,-6018,-1069,0.09499037265777588,-0.8601807951927185,-0.4972003102302551,0.02193157933652401
-74,837,-509,-137,239,-162,-19,7,-31,2748,17647,-6017,-1066,0.0959908664226532,-0.8606503009796143,-0.49627938866615295,0.019916750490665436
-79,824,-508,-137,239,-162,-36,20,-26,2748,17628,-6002,-1065,0.09687623381614685,-0.8613007664680481,-0.49504536390304565,0.0181531123816967
-94,822,-508,-140,234,-164,-37,27,-13,2748,17603,-5988,-1066,0.09816131740808487,-0.8619436621665955,-0.4937421679496765,0.016110485419631004
-74,832,-531,-140,234,-164,-45,21,26,2748,17582,-5973,-1067,0.09840851277112961,-0.8622484803199768,-0.4931792914867401,0.015489545650780201
-56,848,-497,-140,234,-164,-48,18,37,2748,17603,-5980,-1064,0.09673783928155899,-0.8615350723266602,-0.4946737587451935,0.017934145405888557
-54,861,-471,-140,234,-164,-22,8,44,2748,17631,-6018,-1060,0.095435231924057,-0.8596323728561401,-0.49814656376838684,0.020020855590701103
-22,866,-487,-140,234,-164,4,-21,38,2748,17666,-6045,-1061,0.09369860589504242,-0.859162449836731,-0.49914488196372986,0.023235324770212173
-31,866,-497,-140,234,-164,15,-31,-5,2748,17708,-6037,-1062,0.09235094487667084,-0.8594124913215637,-0.4988301992416382,0.025943677872419357
-55,857,-475,-140,234,-164,21,-32,-19,2748,17711,-6041,-1066,0.09345060586929321,-0.859235942363739,-0.4989928901195526,0.02468481846153736
-63,852,-506,-142,241,-163,23,-11,-21,2748,17691,-6032,-1064,0.09367992728948593,-0.8597731590270996,-0.498086541891098,0.02337615005671978
-53,847,-507,-142,241,-163,20,12,-36,2748,17683,-6021,-1060,0.09382126480340958,-0.8605599403381348,-0.4967367947101593,0.022582000121474266
-80,830,-521,-142,241,-163,7,23,-23,2748,17665,-6001,-1058,0.09492701292037964,-0.8612575531005859,-0.4954189360141754,0.020213134586811066
-89,821,-521,-142,241,-163,-8,36,1,2748,17633,-5989,-1056,0.09613967686891556,-0.861738383769989,-0.49445006251335144,0.01753644086420536
-91,829,-518,-142,241,-163,-12,54,32,2748,17599,-5985,-1051,0.09681878983974457,-0.8619832396507263,-0.49396026134490967,0.015389789827167988
-61,836,-507,-142,241,-163,-17,50,48,2748,17597,-5983,-1043,0.09536804258823395,-0.8618935346603394,-0.4943733513355255,0.016203511506319046
-43,866,-496,-142,241,-163,-18,36,46,2748,17628,-5999,-1032,0.0931425467133522,-0.8609750866889954,-0.49632611870765686,0.018266767263412476
-23,862,-487,-143,236,-159,-18,3,24,2748,17669,-6020,-1023,0.09056006371974945,-0.860069990158081,-0.49824026226997375,0.021501105278730392
-25,857,-478,-143,236,-159,-3,-15,-10,2748,17711,-6040,-1016,0.08830589056015015,-0.8590738773345947,-0.500234842300415,0.02420281618833542
-40,864,-491,-143,236,-159,4,-26,-35,2748,17735,-6054,-1009,0.08790231496095657,-0.8588858246803284,-0.5006363391876221,0.023985866457223892
-75,837,-502,-143,236,-159,1,-14,-47,2748,17706,-6047,-1007,0.08927497267723083,-0.8595364093780518,-0.49939367175102234,0.021378327161073685
-102,821,-525,-143,236,-159,-18,-12,-17,2748,17673,-6029,-1006,0.0905948206782341,-0.8603557348251343,-0.49784746766090393,0.018783416599035263
-99,831,-522,-143,236,-159,-31,9,8,2748,17640,-6016,-1004,0.0918760821223259,-0.8609533309936523,-0.49667200446128845,0.016096867620944977
-91,824,-521,-143,236,-159,-51,19,15,2748,17611,-6003,-1001,0.09291385859251022,-0.8616136908531189,-0.49538373947143555,0.014392232522368431
-70,851,-507,-140,234,-166,-68,43,11,2748,17603,-5987,-1008,0.09354580193758011,-0.8619252443313599,-0.4947155714035034,0.01459819357842207
-32,867,-471,-140,234,-166,-76,35,16,2748,17623,-6003,-1015,0.09238966554403305,-0.8606860041618347,-0.49698594212532043,0.017790790647268295
-11,871,-471,-140,234,-166,-52,42,-5,2748,17671,-6023,-1021,0.09069045633077621,-0.8599402904510498,-0.49842414259910583,0.021887900307774544
-14,889,-448,-140,234,-166,-16,19,-31,2748,17713,-6047,-1027,0.0895804837346077,-0.8584980964660645,-0.500957190990448,0.025033842772245407
-25,884,-464,-140,234,-166,26,-6,-39,2748,17742,-6072,-1038,0.08965369313955307,-0.8580225110054016,-0.5016277432441711,0.027421247214078903
-53,845,-489,-140,234,-166,52,-14,-52,2748,17744,-6055,-1050,0.09095221012830734,-0.8590134382247925,-0.49973973631858826,0.026595864444971085
-94,831,-515,-130,241,-155,50,-28,-42,2748,17712,-6036,-1050,0.09232322871685028,-0.859714150428772,-0.49844852089881897,0.02328323759138584
-126,820,-525,-130,241,-155,27,-22,-13,2748,17667,-6024,-1045,0.09383752197027206,-0.8603012561798096,-0.4973083734512329,0.019637079909443855
-113,812,-539,-130,241,-155,6,-13,25,2748,17628,-6012,-1038,0.0948714017868042,-0.8609974384307861,-0.4960181713104248,0.01653127372264862
-97,827,-515,-130,241,-155,-18,6,33,2748,17592,-6006,-1028,0.09544037282466888,-0.8609393835067749,-0.4961068034172058,0.01329081691801548
-59,835,-510,-130,241,-155,-44,25,30,2748,17582,-6018,-1011,0.09354109317064285,-0.8602817058563232,-0.49760010838508606,0.013510983437299728
-51,861,-488,-130,241,-155,-60,36,34,2748,17594,-6052,-995,0.09176670759916306,-0.8585810661315918,-0.5008314251899719,0.014632574282586575
-12,862,-477,-130,241,-155,-40,36,16,2748,17638,-6078,-989,0.08935478329658508,-0.8577603101730347,-0.5025492906570435,0.018302809447050095
-9,873,-468,-134,242,-156,-20,19,-26,2748,17684,-6098,-986,0.08734916150569916,-0.8564702868461609,-0.5049852132797241,0.02110310085117817
-56,861,-464,-134,242,-156,9,11,-33,2748,17693,-6139,-981,0.08761424571275711,-0.8551479578018188,-0.507206380367279,0.020254047587513924
-79,859,-478,-134,242,-156,27,3,-16,2748,17664,-6140,-981,0.0889357179403305,-0.8555453419685364,-0.506392776966095,0.017966240644454956
-78,830,-502,-134,242,-156,31,-5,3,2748,17639,-6122,-980,0.08984870463609695,-0.8566491007804871,-0.5044206976890564,0.01621118001639843
-93,812,-514,-134,242,-156,18,-12,26,2748,17620,-6096,-979,0.09046783298254013,-0.8579369187355042,-0.5021623373031616,0.01471103448420763
