-56,866,-469,-138,263,-159,1,8,-7,3070,17690,-6171,-731,-0.06905996054410934,0.8549416065216064,0.5107347369194031,-0.008970662020146847
-62,873,-462,-142,252,-154,14,15,6,3070,17669,-6191,-730,-0.06952817738056183,0.8540103435516357,0.5122358798980713,-0.00831357017159462
-53,860,-454,-142,252,-154,25,7,11,3070,17675,-6195,-732,-0.06919637322425842,0.8540275692939758,0.5122374296188354,-0.009163325652480125
-41,859,-469,-142,252,-154,26,4,11,3070,17680,-6187,-733,-0.0690605565905571,0.8546650409698486,0.5111861824989319,-0.009479837492108345
-50,856,-477,-142,252,-154,13,3,1,3070,17691,-6172,-733,-0.06864368915557861,0.855162501335144,0.5103984475135803,-0.010041466914117336
-51,856,-467,-142,252,-154,12,9,-6,3070,17693,-6170,-732,-0.06866061687469482,0.855206310749054,0.5103276968002319,-0.00980425626039505
-55,867,-474,-142,252,-154,10,5,-10,3070,17689,-6169,-731,-0.06871485710144043,0.8551470041275024,0.5104248523712158,-0.009519604034721851
-51,852,-459,-144,256,-152,9,9,-10,3070,17680,-6167,-730,-0.06865818798542023,0.8545847535133362,0.5113925337791443,-0.008546851575374603
-56,863,-452,-144,256,-152,17,0,2,3070,17665,-6198,-717,-0.0685495063662529,0.8535520434379578,0.513149619102478,-0.00707160634920001
-45,864,-464,-144,256,-152,23,-3,8,3070,17672,-6212,-709,-0.0673903152346611,0.853350043296814,0.5136252045631409,-0.007971910759806633
-46,861,-464,-144,256,-152,15,18,2,3070,17664,-6212,-706,-0.06747405230998993,0.8534760475158691,0.5134140253067017,-0.007377835921943188
-37,859,-463,-144,256,-152,14,19,6,3070,17679,-6202,-703,-0.06632343679666519,0.8536898493766785,0.5131887197494507,-0.008674317970871925
-35,880,-459,-144,256,-152,14,25,7,3070,17699,-6206,-699,-0.06493960320949554,0.8532120585441589,0.5141303539276123,-0.010322199203073978
-31,875,-475,-144,256,-152,13,28,-6,3070,17734,-6209,-697,-0.06381136924028397,0.8535661101341248,0.513646125793457,-0.011953553184866905
-34,864,-467,-142,250,-151,14,21,-21,3070,17749,-6206,-695,-0.06324802339076996,0.8538679480552673,0.5131900310516357,-0.012954158708453178
-51,873,-472,-142,250,-151,16,26,-28,3070,17749,-6190,-698,-0.06379785388708115,0.8544560074806213,0.5121567249298096,-0.01235905196517706
-53,856,-476,-142,250,-151,15,18,-28,3070,17729,-6182,-699,-0.06475996226072311,0.8549721240997314,0.511208713054657,-0.010844087228178978
-63,857,-461,-142,250,-151,16,15,-15,3070,17703,-6173,-699,-0.06600285321474075,0.8549820184707642,0.5110765695571899,-0.008546953089535236
-70,857,-464,-142,250,-151,17,7,-5,3070,17674,-6174,-697,-0.06712745875120163,0.8551149964332581,0.5107388496398926,-0.006378992460668087
-72,858,-467,-142,250,-151,19,8,6,3070,17653,-6174,-695,-0.06764514744281769,0.8552195429801941,0.5105102062225342,-0.005071370862424374
-61,862,-464,-142,250,-151,13,8,14,3070,17649,-6172,-691,-0.06729019433259964,0.855013906955719,0.5109013915061951,-0.00503940787166357
-52,863,-462,-139,253,-165,8,12,7,3070,17657,-6159,-696,-0.06760907173156738,0.8561291098594666,0.5089746713638306,-0.006316357292234898
-40,864,-480,-139,253,-165,4,9,2,3070,17668,-6133,-707,-0.06789536029100418,0.8571905493736267,0.5071307420730591,-0.007485609967261553
-43,868,-457,-139,253,-165,-1,2,-2,3070,17684,-6119,-720,-0.0681057795882225,0.8572795987129211,0.5069175362586975,-0.009548399597406387
-40,864,-458,-139,253,-165,7,9,-3,3070,17697,-6122,-735,-0.0688580870628357,0.8573897480964661,0.506605863571167,-0.010705610737204552
-49,863,-464,-139,253,-165,14,7,-1,3070,17701,-6113,-748,-0.06983797997236252,0.857705295085907,0.5059268474578857,-0.011173988692462444
-57,861,-458,-139,253,-165,15,1,-1,3070,17704,-6106,-760,-0.07064896076917648,0.8577773571014404,0.5056767463684082,-0.011844685301184654
-60,872,-474,-139,253,-165,11,-1,-2,3070,17699,-6103,-771,-0.07147425413131714,0.8576555252075195,0.5057792663574219,-0.01139303669333458
-48,870,-456,-138,254,-156,21,1,1,3070,17687,-6136,-764,-0.07103998214006424,0.8560197353363037,0.5086153745651245,-0.010782741010189056
-53,860,-471,-138,254,-156,24,0,4,3070,17674,-6155,-759,-0.07140234857797623,0.8557409644126892,0.5090548396110535,-0.009724091738462448
-53,856,-478,-138,254,-156,19,-4,7,3070,17668,-6153,-757,-0.07159920036792755,0.8557015061378479,0.5091094374656677,-0.00891439151018858
-51,851,-469,-138,254,-156,16,-7,13,3070,17665,-6158,-754,-0.07123593986034393,0.8553920984268188,0.5096766948699951,-0.009105691686272621
-46,858,-473,-138,254,-156,23,-1,13,3070,17665,-6156,-752,-0.07099239528179169,0.8558026552200317,0.509017288684845,-0.00926124956458807
-49,859,-466,-138,254,-156,12,-2,8,3070,17672,-6151,-751,-0.07046134769916534,0.8557884693145752,0.5091051459312439,-0.009805024601519108
-46,861,-467,-140,252,-154,9,4,3,3070,17687,-6153,-749,-0.06983930617570877,0.8555184602737427,0.5096341967582703,-0.010334162041544914
-41,861,-466,-140,252,-154,9,11,0,3070,17693,-6164,-745,-0.0692795068025589,0.8549739122390747,0.5106143951416016,-0.010786944068968296
-52,867,-464,-140,252,-154,7,14,-2,3070,17703,-6175,-743,-0.0689142718911171,0.854631245136261,0.5112248659133911,-0.011303946375846863
-47,869,-464,-140,252,-154,12,11,-1,3070,17707,-6180,-743,-0.06871721893548965,0.8545518517494202,0.5113751292228699,-0.01169617474079132
-51,869,-468,-140,252,-154,18,12,-2,3070,17706,-6180,-743,-0.0688885897397995,0.8546091914176941,0.5112611651420593,-0.011476957239210606
-54,859,-470,-140,252,-154,16,17,-2,3070,17699,-6172,-744,-0.0693494975566864,0.8551062345504761,0.5103836059570312,-0.010738113895058632
-57,861,-468,-140,252,-154,15,23,0,3070,17686,-6163,-744,-0.06985892355442047,0.8553249835968018,0.5099667310714722,-0.009759379550814629
-57,864,-465,-143,253,-156,12,12,4,3070,17674,-6166,-743,-0.0703745111823082,0.8552343249320984,0.5100644826889038,-0.008859199471771717
-50,857,-468,-143,253,-156,12,18,6,3070,17669,-6161,-744,-0.07017820328474045,0.8554874062538147,0.5096601247787476,-0.009260766208171844
-48,854,-473,-143,253,-156,13,16,7,3070,17675,-6161,-744,-0.07018028944730759,0.8556830286979675,0.509330689907074,-0.009277469478547573
-60,855,-474,-143,253,-156,8,25,0,3070,17678,-6157,-744,-0.07025732100009918,0.855606198310852,0.5094525218009949,-0.009098189882934093
-53,858,-465,-143,253,-156,8,8,7,3070,17674,-6156,-744,-0.07036902010440826,0.8553655743598938,0.509847104549408,-0.008805202320218086
-55,865,-470,-143,253,-156,9,3,11,3070,17669,-6166,-742,-0.07028844207525253,0.8551731109619141,0.5101783275604248,-0.008888345211744308
-60,865,-459,-143,253,-156,12,3,13,3070,17680,-6168,-742,-0.07008986920118332,0.8549764752388,0.5105289220809937,-0.009236740879714489
-52,858,-471,-134,258,-149,17,2,12,3070,17689,-6193,-732,-0.06807176023721695,0.8538045287132263,0.5127485990524292,-0.009823707863688469
-47,860,-478,-134,258,-149,19,1,8,3070,17693,-6206,-717,-0.06691650301218033,0.8536788821220398,0.5131098031997681,-0.009779267944395542
-44,864,-472,-134,258,-149,12,2,-1,3070,17701,-6203,-707,-0.06593240052461624,0.853323757648468,0.5138362050056458,-0.009442890994250774
-56,861,-462,-134,258,-149,7,1,-5,3070,17698,-6216,-695,-0.06533851474523544,0.8529822826385498,0.5144880414009094,-0.008764110505580902
-56,857,-465,-134,258,-149,12,5,-1,3070,17690,-6221,-687,-0.06518584489822388,0.8529411554336548,0.5145911574363708,-0.007782613858580589
-54,855,-471,-134,258,-149,12,4,2,3070,17677,-6213,-681,-0.06542503088712692,0.8535832166671753,0.5135128498077393,-0.006517444737255573
-54,851,-467,-134,258,-149,12,13,12,3070,17670,-6210,-674,-0.06533811241388321,0.8538294434547424,0.5131221413612366,-0.005936754401773214
-50,868,-467,-136,250,-161,16,17,18,3070,17671,-6187,-683,-0.06595604121685028,0.8549854755401611,0.511104166507721,-0.006748871877789497
-58,865,-463,-136,250,-161,19,15,19,3070,17679,-6160,-693,-0.06651509553194046,0.8560893535614014,0.5091703534126282,-0.007449063006788492
-48,853,-477,-136,250,-161,14,10,12,3070,17687,-6136,-703,-0.06680106371641159,0.8570778369903564,0.5074503421783447,-0.008490009233355522
-49,859,-473,-136,250,-161,11,7,6,3070,17696,-6119,-713,-0.06714934855699539,0.8575869202613831,0.506523072719574,-0.00962703675031662
-46,871,-457,-136,250,-161,12,2,2,3070,17696,-6107,-722,-0.06806864589452744,0.8576855063438416,0.5062321424484253,-0.009692519903182983
-62,861,-456,-136,250,-161,15,8,7,3070,17685,-6110,-732,-0.06922835856676102,0.8576025366783142,0.5062210559844971,-0.009411448612809181
-50,856,-464,-141,259,-155,16,6,12,3070,17682,-6115,-743,-0.06946009397506714,0.8566857576370239,0.5077497959136963,-0.008998820558190346
-53,855,-457,-141,259,-155,14,8,18,3070,17678,-6162,-727,-0.06848849356174469,0.8549354076385498,0.5108264684677124,-0.008617216721177101
-52,869,-464,-141,259,-155,17,3,17,3070,17682,-6187,-718,-0.06769108772277832,0.8541784882545471,0.5121929049491882,-0.00883063767105341
-44,869,-466,-141,259,-155,20,6,14,3070,17690,-6192,-714,-0.06691308319568634,0.8542307019233704,0.5121957063674927,-0.009521189145743847
-57,858,-471,-141,259,-155,19,4,7,3070,17702,-6196,-710,-0.06658127158880234,0.8542374968528748,0.5122263431549072,-0.009583590552210808
-62,862,-471,-141,259,-155,19,10,4,3070,17690,-6192,-707,-0.06703964620828629,0.8543811440467834,0.5119478106498718,-0.008408760651946068
-55,865,-459,-141,259,-155,24,11,13,3070,17677,-6189,-705,-0.06739223003387451,0.8542112708091736,0.5122022032737732,-0.007308554835617542
-54,862,-471,-142,255,-159,20,16,19,3070,17671,-6188,-704,-0.06751414388418198,0.8547787666320801,0.5112349987030029,-0.007525835186243057
-48,859,-468,-142,255,-159,20,16,18,3070,17675,-6166,-710,-0.06753645837306976,0.8556017279624939,0.5098407864570618,-0.00835841428488493
-39,870,-477,-142,255,-159,18,18,16,3070,17686,-6153,-716,-0.06732743978500366,0.8559772372245789,0.5092172622680664,-0.009529968723654747
-50,864,-471,-142,255,-159,16,5,8,3070,17701,-6151,-720,-0.0672370046377182,0.8561703562736511,0.5088878273963928,-0.010371102020144463
-53,861,-471,-142,255,-159,12,11,3,3070,17706,-6142,-724,-0.06752783805131912,0.8564423322677612,0.5083902478218079,-0.010405588895082474
-54,856,-461,-142,255,-159,11,4,3,3070,17695,-6143,-726,-0.06823745369911194,0.8563400506973267,0.5084824562072754,-0.009658894501626492
-52,861,-465,-142,255,-159,22,6,14,3070,17682,-6144,-729,-0.06894228607416153,0.8563655614852905,0.5083585977554321,-0.008893491700291634
-59,859,-466,-142,252,-155,16,2,13,3070,17674,-6146,-728,-0.06910465657711029,0.8561655282974243,0.5086866021156311,-0.008087513037025928
-52,863,-464,-142,252,-155,8,-4,13,3070,17673,-6144,-725,-0.06875897198915482,0.856065571308136,0.5088996887207031,-0.008203022181987762
-42,866,-472,-142,252,-155,12,7,7,3070,17683,-6157,-722,-0.06798949092626572,0.8558391332626343,0.5093657970428467,-0.009258940815925598
-53,861,-475,-142,252,-155,6,3,2,3070,17692,-6152,-722,-0.06768228858709335,0.8558405041694641,0.5093982815742493,-0.009605057537555695
-55,864,-460,-142,252,-155,13,10,3,3070,17692,-6158,-721,-0.06808687746524811,0.8553866147994995,0.5101190209388733,-0.008912679739296436
-56,867,-460,-142,252,-155,13,18,9,3070,17672,-6173,-722,-0.068735770881176,0.8549418449401855,0.5107893347740173,-0.008157026953995228
-52,861,-464,-142,252,-155,18,18,15,3070,17670,-6175,-724,-0.06910381466150284,0.8551264405250549,0.5104337930679321,-0.007977220229804516
-62,866,-459,-145,251,-156,19,20,20,3070,17672,-6162,-727,-0.06929007917642593,0.8553973436355591,0.5099506378173828,-0.008189359679818153
-42,861,-477,-145,251,-156,18,22,17,3070,17672,-6156,-730,-0.06923742592334747,0.8560743927955627,0.5088129639625549,-0.008658761158585548
-59,858,-478,-145,251,-156,8,17,15,3070,17679,-6141,-732,-0.06917910277843475,0.8565975427627563,0.5079365968704224,-0.00882059894502163
-48,862,-473,-145,251,-156,4,19,13,3070,17681,-6129,-732,-0.06892219930887222,0.8569486737251282,0.5073742270469666,-0.009074985049664974
-39,867,-464,-145,251,-156,6,12,13,3070,17691,-6142,-729,-0.06806378811597824,0.8560019135475159,0.5090628266334534,-0.010289366357028484
-36,850,-463,-145,251,-156,4,15,4,3070,17712,-6155,-730,-0.06750555336475372,0.8557034134864807,0.5096127390861511,-0.011501730419695377
-55,861,-463,-143,253,-155,8,14,2,3070,17709,-6157,-732,-0.06760537624359131,0.8555188775062561,0.5099111795425415,-0.011403216049075127
-56,868,-467,-143,253,-155,12,20,5,3070,17712,-6171,-730,-0.06788884103298187,0.8549585342407227,0.5108251571655273,-0.010840978473424911
-48,856,-470,-143,253,-155,16,29,7,3070,17703,-6167,-731,-0.06805529445409775,0.8554671406745911,0.5099532604217529,-0.010714342817664146
-55,858,-475,-143,253,-155,12,17,12,3070,17694,-6152,-731,-0.06863225996494293,0.8560869693756104,0.5088565945625305,-0.009617077186703682
-60,854,-491,-143,253,-155,4,13,18,3070,17680,-6138,-730,-0.06914419680833817,0.8568323254585266,0.5075535178184509,-0.00837194174528122
-63,849,-493,-143,253,-155,-4,-1,27,3070,17668,-6122,-727,-0.0693741962313652,0.8575330376625061,0.5063543915748596,-0.007233459036797285
-61,850,-485,-143,253,-155,-17,-2,28,3070,17657,-6116,-720,-0.06911912560462952,0.8577680587768555,0.5060021281242371,-0.006399255711585283
-50,848,-477,-139,256,-153,-23,-8,32,3070,17658,-6123,-711,-0.06809306889772415,0.8569013476371765,0.5076139569282532,-0.005960444919764996
-49,837,-483,-139,256,-153,-22,6,32,3070,17653,-6139,-697,-0.0673808753490448,0.8567638993263245,0.5079453587532043,-0.005413439590483904
-71,850,-478,-139,256,-153,-31,8,29,3070,17652,-6133,-689,-0.06730274856090546,0.8568418025970459,0.5078368782997131,-0.0041097914800047874
-64,864,-471,-139,256,-153,-45,14,25,3070,17634,-6152,-679,-0.06707029044628143,0.8554924130439758,0.5101483464241028,-0.0028484102804213762
-56,856,-454,-139,256,-153,-52,21,28,3070,17644,-6180,-672,-0.06617405265569687,0.8544154763221741,0.5120593309402466,-0.0036905973684042692
-58,870,-445,-139,256,-153,-51,20,26,3070,17643,-6205,-670,-0.06583138555288315,0.8532597422599792,0.5140219330787659,-0.004276621155440807
-56,872,-452,-139,256,-153,-52,34,19,3070,17662,-6228,-672,-0.06543091684579849,0.8527293801307678,0.514938473701477,-0.005682405084371567
-39,876,-456,-139,256,-153,-60,45,11,3070,17671,-6238,-678,-0.06527439504861832,0.8523296117782593,0.5156031847000122,-0.0070269363932311535
-46,864,-448,-139,256,-153,-71,42,3,3070,17685,-6231,-684,-0.0651509240269661,0.8522644639015198,0.5157087445259094,-0.008245143108069897
-47,874,-441,-139,256,-153,-63,65,10,3070,17698,-6257,-691,-0.06518548727035522,0.8510343432426453,0.5177045464515686,-0.009813217446208
-39,885,-448,-139,256,-153,-42,54,17,3070,17722,-6273,-701,-0.06469488143920898,0.8505731225013733,0.5184704065322876,-0.01230011135339737
-25,877,-452,-139,256,-153,-28,55,15,3070,17746,-6263,-710,-0.06404874473810196,0.8509901165962219,0.5178056359291077,-0.014635546132922173
-37,877,-464,-139,256,-153,-16,38,11,3070,17768,-6257,-717,-0.06402864307165146,0.8515047430992126,0.5169310569763184,-0.015661010518670082
-45,873,-457,-139,256,-153,-14,26,14,3070,17766,-6238,-721,-0.06461898237466812,0.8521256446838379,0.5158499479293823,-0.015093082562088966
-45,858,-471,-142,260,-153,-26,14,8,3070,17763,-6225,-721,-0.06457872688770294,0.8528543710708618,0.514656662940979,-0.014837618917226791
-50,867,-457,-142,260,-153,-23,3,19,3070,17758,-6227,-716,-0.06456854939460754,0.8525803089141846,0.5151384472846985,-0.013897709548473358
-48,874,-479,-142,260,-153,-24,-12,15,3070,17740,-6227,-712,-0.06497090309858322,0.8528414964675903,0.514690101146698,-0.01254652626812458
-34,872,-463,-142,260,-153,-40,-39,7,3070,17736,-6223,-706,-0.06399446725845337,0.852607250213623,0.5151906609535217,-0.012939938344061375
-36,877,-461,-142,260,-153,-53,-34,-5,3070,17746,-6226,-700,-0.0632534921169281,0.8525819778442383,0.5153144598007202,-0.013294748030602932
-45,885,-441,-142,260,-153,-45,-28,-4,3070,17759,-6243,-694,-0.06300298869609833,0.8510226011276245,0.5179302096366882,-0.012898559682071209
-58,849,-425,-142,254,-152,-30,-15,12,3070,17722,-6279,-692,-0.06480381637811661,0.8501219153404236,0.5192403793334961,-0.01027954276651144
-56,877,-419,-142,254,-152,14,-4,44,3070,17714,-6293,-698,-0.06556148827075958,0.8491945266723633,0.5206595063209534,-0.010364508256316185
-46,873,-444,-142,254,-152,30,8,64,3070,17699,-6295,-705,-0.06599599868059158,0.8498744368553162,0.5194882750511169,-0.01063238549977541
-23,879,-459,-142,254,-152,27,-17,58,3070,17721,-6272,-708,-0.06492095440626144,0.8509594798088074,0.5178031921386719,-0.012514203786849976
-22,876,-477,-142,254,-152,6,12,32,3070,17743,-6247,-709,-0.06425097584724426,0.8521256446838379,0.5159339904785156,-0.013754701241850853
-20,873,-472,-142,254,-152,-18,-7,-1,3070,17764,-6222,-710,-0.0631587952375412,0.8528146743774414,0.514880359172821,-0.015491588972508907
-31,867,-447,-142,254,-152,-20,0,-14,3070,17774,-6228,-710,-0.0630638375878334,0.8520161509513855,0.5162051916122437,-0.015723558142781258
-38,852,-444,-140,266,-163,10,-4,-1,3070,17769,-6241,-714,-0.06395730376243591,0.8521325588226318,0.515910267829895,-0.015446503646671772
-43,873,-452,-140,266,-163,30,-10,15,3070,17768,-6227,-722,-0.06489851325750351,0.852544367313385,0.5151232481002808,-0.015097303315997124
-39,876,-460,-140,266,-163,31,-24,23,3070,17762,-6214,-728,-0.06514836847782135,0.8533856272697449,0.5136876106262207,-0.015379275195300579
-29,872,-453,-140,266,-163,24,-40,26,3070,17773,-6198,-731,-0.06453303247690201,0.8539021611213684,0.5128630995750427,-0.016765575855970383
-23,879,-464,-140,266,-163,12,-43,5,3070,17792,-6184,-732,-0.06372001767158508,0.8544846177101135,0.511944055557251,-0.01822560280561447
-44,873,-487,-140,266,-163,-11,-24,-26,3070,17797,-6166,-733,-0.06440175324678421,0.8552853465080261,0.510555624961853,-0.017189666628837585
-51,871,-484,-140,266,-163,-21,-18,-45,3070,17781,-6165,-734,-0.06523363292217255,0.8554608821868896,0.5101956129074097,-0.015964224934577942
-57,852,-457,-140,266,-163,-37,-27,-44,3070,17750,-6162,-734,-0.06682475656270981,0.855191171169281,0.5105165243148804,-0.01337762363255024
-83,857,-457,-140,266,-163,-23,1,-25,3070,17708,-6177,-736,-0.06901107728481293,0.8545678853988647,0.5113454461097717,-0.010115633718669415
-75,858,-437,-140,266,-163,4,-8,23,3070,17664,-6202,-737,-0.07089567929506302,0.8533028364181519,0.5132425427436829,-0.007365805562585592
-73,863,-463,-140,266,-163,15,-28,50,3070,17640,-6208,-740,-0.07171349972486496,0.8536759614944458,0.5125201344490051,-0.0063593159429728985
-83,852,-472,-140,266,-163,-1,1,66,3070,17626,-6189,-741,-0.07253038883209229,0.8545516133308411,0.5109589695930481,-0.0050249542109668255
-79,848,-447,-140,266,-163,11,16,90,3070,17611,-6191,-741,-0.07328299432992935,0.8540983200073242,0.5116185545921326,-0.003912962041795254
-43,865,-443,-140,266,-163,30,21,111,3070,17621,-6203,-743,-0.07175666838884354,0.8533492684364319,0.5130574703216553,-0.006423721089959145
-41,864,-474,-142,263,-156,29,29,98,3070,17659,-6220,-737,-0.06968623399734497,0.853147566318512,0.5136403441429138,-0.008941855281591415
-13,884,-457,-142,263,-156,6,18,73,3070,17702,-6214,-733,-0.06705920398235321,0.8528052568435669,0.5144854784011841,-0.012572755105793476
-16,881,-444,-142,263,-156,8,26,59,3070,17745,-6241,-729,-0.06491821259260178,0.8516406416893005,0.5165959000587463,-0.015759442001581192
-25,886,-446,-142,263,-156,15,29,31,3070,17794,-6252,-728,-0.0632462278008461,0.8508882522583008,0.5179407596588135,-0.018695741891860962
-31,877,-453,-142,263,-156,9,35,26,3070,17794,-6254,-731,-0.06387435644865036,0.8513238430023193,0.5171684622764587,-0.018084829673171043
-64,868,-437,-142,263,-156,13,7,42,3070,17785,-6255,-732,-0.06501875817775726,0.8507540225982666,0.5180274844169617,-0.016213787719607353
-52,872,-447,-130,259,-154,46,12,73,3070,17750,-6281,-732,-0.06578704714775085,0.8503715991973877,0.5185826420783997,-0.015340284444391727
-59,853,-449,-130,259,-154,57,-1,101,3070,17742,-6261,-735,-0.06683141738176346,0.8512200117111206,0.5171014666557312,-0.013703642413020134
-58,864,-444,-130,259,-154,86,-17,133,3070,17717,-6259,-734,-0.06762661039829254,0.8512780666351318,0.5169394612312317,-0.012174120172858238
-50,866,-488,-130,259,-154,98,-3,137,3070,17717,-6236,-732,-0.06714005768299103,0.8527451157569885,0.5145738124847412,-0.012446258217096329
-10,878,-481,-130,259,-154,47,2,109,3070,17744,-6205,-729,-0.06512576341629028,0.8538408279418945,0.5129433870315552,-0.015081971883773804
-3,874,-464,-130,259,-154,13,3,58,3070,17785,-6189,-725,-0.06306155771017075,0.854287326335907,0.5123661160469055,-0.017918700352311134
-33,861,-457,-130,259,-154,5,15,18,3070,17813,-6189,-722,-0.062474556267261505,0.8539484739303589,0.5129863023757935,-0.018340464681386948
-34,855,-454,-142,262,-152,6,17,15,3070,17789,-6203,-718,-0.0630267858505249,0.853116512298584,0.5143767595291138,-0.016128094866871834
-60,864,-471,-142,262,-152,-1,32,31,3070,17769,-6217,-707,-0.06349378824234009,0.8531331419944763,0.5143510103225708,-0.014084434136748314
-86,845,-493,-142,262,-152,-26,36,57,3070,17743,-6207,-703,-0.0645413026213646,0.853735089302063,0.5132833123207092,-0.011651630513370037
-112,836,-476,-142,262,-152,-50,43,109,3070,17710,-6197,-699,-0.06578502058982849,0.8539530634880066,0.5128214955329895,-0.008765148930251598
-81,851,-495,-142,262,-152,-64,55,178,3070,17677,-6196,-692,-0.06633511930704117,0.8542783260345459,0.5122384428977966,-0.006619137246161699
-63,847,-488,-142,262,-152,-89,67,219,3070,17666,-6182,-685,-0.06606147438287735,0.8547754287719727,0.5114575624465942,-0.005504969507455826
-88,852,-484,-142,262,-152,-113,75,253,3070,17651,-6181,-674,-0.06610290706157684,0.8548593521118164,0.5113281011581421,-0.003707565600052476
-69,856,-485,-142,262,-152,-148,67,312,3070,17639,-6176,-664,-0.06481309980154037,0.854825496673584,0.5115506649017334,-0.0037147770635783672
-57,867,-464,-142,262,-152,-159,107,324,3070,17667,-6195,-647,-0.06275378912687302,0.854050874710083,0.5130899548530579,-0.0045715137384831905
-68,886,-486,-142,262,-152,-199,136,333,3070,17686,-6200,-636,-0.06130800023674965,0.8540735840797424,0.513216495513916,-0.005575309507548809
-43,864,-468,-142,262,-152,-232,134,351,3070,17702,-6200,-629,-0.05957533046603203,0.8539661765098572,0.5135802030563354,-0.007106227334588766
-44,880,-474,-142,262,-152,-267,150,372,3070,17731,-6211,-620,-0.05789831653237343,0.8533055782318115,0.5148477554321289,-0.008496767841279507
-53,895,-463,-142,262,-152,-296,183,388,3070,17748,-6219,-614,-0.05701009929180145,0.8522165417671204,0.5167391300201416,-0.009203515946865082
-36,927,-418,-142,262,-152,-304,216,418,3070,17760,-6283,-611,-0.055351875722408295,0.8493093848228455,0.5216308236122131,-0.01187298446893692
48,943,-371,-132,270,-150,-268,214,439,3070,17816,-6337,-609,-0.05240439251065254,0.8469505310058594,0.5256308317184448,-0.01645761914551258
120,927,-328,-132,270,-150,-193,209,395,3070,17881,-6380,-609,-0.0493541955947876,0.845098614692688,0.5287153124809265,-0.021509012207388878
159,884,-373,-132,270,-150,-108,235,295,3070,17952,-6405,-611,-0.046240657567977905,0.8442199230194092,0.5301317572593689,-0.027257535606622696
156,860,-361,-132,270,-150,-80,208,177,3070,-17974,-6412,-619,-0.04365197569131851,0.8436340689659119,0.5309709310531616,-0.03278318792581558
129,877,-374,-132,270,-150,-1,296,54,3070,-17910,-6423,-631,-0.041950829327106476,0.8430413007736206,0.5316882133483887,-0.03816724941134453
107,891,-413,-132,270,-150,41,352,-62,3070,-17849,-6421,-652,-0.04103213921189308,0.8430008888244629,0.531408429145813,-0.043561678379774094
154,864,-416,-123,273,-151,35,313,-209,3070,-17797,-6405,-680,-0.04123929888010025,0.8436249494552612,0.5300323963165283,-0.04780497029423714
96,811,-412,-123,273,-151,33,471,-287,3070,-17799,-6380,-714,-0.04397614300251007,0.8445903658866882,0.5281233191490173,-0.0494544543325901
-2,942,-385,-123,273,-151,52,633,-345,3070,-17803,-6375,-744,-0.047559112310409546,0.8443154096603394,0.5282459855079651,-0.04950146749615669
-2,678,-401,-123,273,-151,45,699,-427,3070,-17820,-6374,-773,-0.05094539374113083,0.8441941738128662,0.5281187891960144,-0.04961885139346123
57,928,-374,-123,273,-151,52,219,-613,3070,-17823,-6377,-807,-0.052663400769233704,0.843625545501709,0.5286908745765686,-0.05134774371981621
-53,958,-431,-123,273,-151,157,248,-591,3070,-17838,-6407,-838,-0.05695263668894768,0.8421134352684021,0.5308138728141785,-0.049666501581668854
79,917,-387,-123,273,-151,105,-100,-454,3070,-17862,-6422,-866,-0.057682111859321594,0.8414074182510376,0.5317214727401733,-0.05106133222579956
-36,875,-436,-133,268,-159,90,-46,-414,3070,-17884,-6430,-876,-0.061029378324747086,0.841833770275116,0.5309748649597168,-0.047766827046871185
-60,906,-397,-133,268,-159,115,-9,-253,3070,-17951,-6432,-890,-0.06517182290554047,0.8414819836616516,0.5314229130744934,-0.04332966357469559
30,896,-457,-133,268,-159,114,-266,-128,3070,-17997,-6421,-897,-0.06600027531385422,0.8428764343261719,0.529229998588562,-0.041744478046894073
-24,898,-451,-133,268,-159,103,-248,-158,3070,17988,-6387,-890,-0.06695560365915298,0.8444125056266785,0.5268462300300598,-0.03925294056534767
-43,930,-430,-133,268,-159,116,-261,-174,3070,17946,-6371,-886,-0.0691261887550354,0.8447352051734924,0.5263298749923706,-0.03527522459626198
-14,925,-411,-133,268,-159,104,-271,-146,3070,17904,-6375,-885,-0.06987302005290985,0.8439434170722961,0.5275956988334656,-0.03389548510313034
-19,936,-405,-133,268,-159,140,-178,-112,3070,17899,-6415,-882,-0.07047387212514877,0.8423143625259399,0.5301235318183899,-0.03365805000066757
-9,943,-358,-133,268,-159,159,-159,-77,3070,17898,-6447,-889,-0.07026930898427963,0.8408094048500061,0.53251051902771,-0.03412732109427452
3,916,-343,-133,268,-159,284,-159,-59,3070,17895,-6475,-887,-0.06984470039606094,0.8398204445838928,0.5340884923934937,-0.03465817868709564
6,887,-436,-133,268,-159,342,-159,-75,3070,17919,-6459,-891,-0.06943950802087784,0.8417080044746399,0.5310819745063782,-0.03579588979482651
-32,862,-452,-133,268,-159,315,-157,-101,3070,17919,-6406,-889,-0.0698825865983963,0.8441289663314819,0.5272515416145325,-0.03452523797750473
-68,846,-447,-133,268,-159,300,-172,-63,3070,17889,-6361,-885,-0.0713268369436264,0.8461244702339172,0.5240546464920044,-0.031258776783943176
-99,856,-488,-133,268,-159,296,-171,10,3070,17848,-6322,-877,-0.07253498584032059,0.8481151461601257,0.5208601951599121,-0.027719667181372643
-123,825,-545,-133,268,-159,263,-199,75,3070,17814,-6279,-866,-0.07305242866277695,0.8502382636070251,0.5174784660339355,-0.02447781339287758
-129,797,-544,-136,263,-153,178,-206,137,3070,17783,-6237,-849,-0.07316900044679642,0.8521654009819031,0.514427661895752,-0.021203147247433662
-156,799,-524,-136,263,-153,117,-178,208,3070,17752,-6204,-831,-0.07322466373443604,0.853638768196106,0.5121037364006042,-0.017720524221658707
-109,794,-530,-136,263,-153,82,-156,274,3070,17723,-6176,-810,-0.07271633297204971,0.855098307132721,0.5098246932029724,-0.01491424161940813
-98,821,-515,-136,263,-153,41,-115,305,3070,17707,-6146,-789,-0.07189865410327911,0.8563989400863647,0.5078179836273193,-0.012526577338576317
-82,806,-535,-136,263,-153,-40,-101,335,3070,17690,-6121,-768,-0.07072219997644424,0.8576198816299438,0.5059593915939331,-0.010737604461610317
-53,841,-477,-136,263,-153,-93,-65,360,3070,17696,-6106,-740,-0.06780549883842468,0.8573119640350342,0.506900429725647,-0.009722317568957806
-34,856,-495,-130,259,-162,-109,-28,373,3070,17716,-6133,-703,-0.06425869464874268,0.8571557998657227,0.5075891017913818,-0.01147343311458826
-24,858,-477,-130,259,-162,-147,18,365,3070,17762,-6115,-694,-0.061794713139534,0.8577281832695007,0.5068559050559998,-0.014261316508054733
-15,867,-460,-130,259,-162,-155,51,374,3070,17811,-6118,-688,-0.059055451303720474,0.8571469783782959,0.5080369114875793,-0.018244314938783646
-12,873,-463,-130,259,-162,-152,91,375,3070,17868,-6129,-687,-0.05655062198638916,0.8569179773330688,0.5085463523864746,-0.02230655774474144
7,865,-488,-130,259,-162,-184,131,357,3067,17910,-6119,-686,-0.054818425327539444,0.8573718667030334,0.5078350901603699,-0.02519400604069233
-10,844,-479,-130,259,-162,-221,158,329,3067,17946,-6108,-687,-0.053804852068424225,0.8577524423599243,0.5072006583213806,-0.02713814564049244
-30,863,-474,-130,259,-162,-260,167,345,3067,17957,-6100,-688,-0.05393591150641441,0.857632040977478,0.5073961615562439,-0.027070743963122368
-40,909,-449,-122,266,-157,-273,169,368,3067,17950,-6134,-688,-0.05355687811970711,0.8553764820098877,0.5112231373786926,-0.027272483333945274
-17,908,-441,-122,266,-157,-233,183,405,3067,17957,-6195,-684,-0.05257793143391609,0.8525698781013489,0.5159223675727844,-0.028512101620435715
38,914,-433,-122,266,-157,-234,91,424,3067,-17990,-6241,-682,-0.049116235226392746,0.8507254719734192,0.5189847946166992,-0.03372463211417198
70,919,-386,-122,266,-157,-207,82,389,3067,-17924,-6282,-678,-0.045873988419771194,0.8486766219139099,0.5223008990287781,-0.038407132029533386
110,975,-371,-122,266,-157,-155,67,343,3067,-17863,-6320,-676,-0.042807355523109436,0.8468842506408691,0.5251116752624512,-0.04291553422808647
132,883,-372,-122,266,-157,-86,-2,279,3067,-17801,-6348,-672,-0.03954392299056053,0.8457096219062805,0.526863157749176,-0.04748649522662163
89,882,-374,-122,266,-157,-35,2,218,3067,-17736,-6358,-671,-0.0368892066180706,0.844887375831604,0.5279224514961243,-0.0522400364279747
49,843,-362,-122,266,-157,27,0,202,3067,-17689,-6382,-686,-0.036590803414583206,0.8435482382774353,0.5296856164932251,-0.05609054118394852
57,833,-417,-122,266,-157,87,4,187,3067,-17657,-6368,-698,-0.036145009100437164,0.8448317050933838,0.5274720191955566,-0.05787140503525734
32,701,-357,-122,266,-157,151,17,180,3067,-17645,-6342,-708,-0.036707159131765366,0.8459162712097168,0.5255945324897766,-0.058750856667757034
34,885,-509,-122,266,-157,357,59,178,3067,-17643,-6327,-712,-0.03677807003259659,0.8470777869224548,0.5236994624137878,-0.058896418660879135
60,817,-296,-122,266,-157,353,64,202,3067,-17633,-6271,-711,-0.03620794415473938,0.8482775688171387,0.5216675996780396,-0.060060542076826096
66,959,-409,-122,266,-157,471,151,196,3067,-17622,-6246,-717,-0.03652983531355858,0.8494285941123962,0.5196569561958313,-0.06102008745074272
208,737,-531,-122,266,-157,208,54,58,3067,-17602,-6209,-723,-0.03564184531569481,0.8514322638511658,0.5161603093147278,-0.06325910240411758
116,797,-301,-114,273,-159,326,266,-33,3067,-17564,-6206,-731,-0.035341084003448486,0.8507065176963806,0.5170149803161621,-0.06615038216114044
180,1008,-457,-114,273,-159,298,130,-120,3067,-17534,-6191,-746,-0.03465671092271805,0.8515479564666748,0.5152158141136169,-0.06960263103246689
107,932,-464,-114,273,-159,258,158,-227,3067,-17500,-6192,-760,-0.03450281545519829,0.8511138558387756,0.5155613422393799,-0.07235751301050186
130,892,-523,-114,273,-159,241,182,-284,3067,-17474,-6195,-774,-0.0350421741604805,0.8514373898506165,0.5147379636764526,-0.07412412017583847
71,907,-567,-114,273,-159,152,40,-416,3067,-17479,-6155,-788,-0.037253957241773605,0.85305255651474,0.512090802192688,-0.07280600070953369
0,930,-556,-114,273,-159,17,74,-430,3067,-17534,-6134,-805,-0.041456181555986404,0.8537697196006775,0.5111300945281982,-0.06877997517585754
51,913,-503,-118,274,-166,-32,152,-367,3067,-17593,-6161,-822,-0.04493560642004013,0.852920651435852,0.5125980973243713,-0.06613645702600479
37,920,-525,-118,274,-166,-262,31,-419,3067,-17630,-6144,-839,-0.04791155084967613,0.8529356718063354,0.5126134157180786,-0.06373003125190735
-3,714,-453,-118,274,-166,-302,-8,-409,3067,-17674,-6188,-857,-0.050887979567050934,0.8511460423469543,0.5155701637268066,-0.061469223350286484
28,848,-583,-118,274,-166,-254,-89,-341,3067,-17724,-6219,-871,-0.05364587903022766,0.850594162940979,0.5165242552757263,-0.05863987281918526
-72,848,-315,-118,274,-166,-228,146,-179,3067,-17779,-6237,-881,-0.057066578418016434,0.8490124344825745,0.5191383957862854,-0.05517817661166191
36,945,-590,-118,274,-166,-204,-42,-121,3067,-17817,-6252,-890,-0.058428242802619934,0.849574089050293,0.518230140209198,-0.05358678102493286
-30,833,-347,-118,274,-166,-261,15,-78,3067,-17847,-6263,-891,-0.060565173625946045,0.8480284214019775,0.5208098888397217,-0.050638727843761444
-57,839,-409,-122,265,-160,-51,-7,3,3067,-17893,-6310,-895,-0.06259765475988388,0.8470184206962585,0.5224950313568115,-0.04759277030825615
-20,864,-443,-122,265,-160,-43,-23,49,3067,-17926,-6296,-895,-0.06392857432365417,0.847798228263855,0.5212413668632507,-0.04562954604625702
0,878,-421,-122,265,-160,-5,68,65,3067,-17951,-6312,-904,-0.06534755229949951,0.8470840454101562,0.5222490429878235,-0.04535400867462158
59,885,-441,-122,265,-160,-7,55,68,3067,-17921,-6300,-912,-0.06362196803092957,0.8475010395050049,0.521446168422699,-0.049124300479888916
45,875,-401,-122,265,-160,10,31,43,3067,-17872,-6303,-920,-0.06203966587781906,0.8465272188186646,0.5228297710418701,-0.05309201031923294
48,882,-450,-122,265,-160,47,15,5,3067,-17827,-6303,-927,-0.061013113707304,0.8471563458442688,0.5216498970985413,-0.0557485856115818
26,878,-447,-122,265,-160,49,-31,-17,3067,-17817,-6275,-931,-0.061385609209537506,0.8482482433319092,0.5198492407798767,-0.05555374547839165
-3,875,-468,-122,265,-160,42,-70,-9,3067,-17833,-6253,-930,-0.062308311462402344,0.8494266271591187,0.5180146098136902,-0.05363233759999275
-8,847,-465,-122,265,-160,26,-119,15,3067,-17860,-6233,-924,-0.06317059695720673,0.850448489189148,0.5164955258369446,-0.05102171748876572
-8,869,-511,-122,265,-160,32,-158,27,3067,-17899,-6230,-916,-0.06400369852781296,0.8509367108345032,0.5158802270889282,-0.04797125980257988
25,832,-396,-122,265,-160,10,-160,41,3067,-17914,-6215,-904,-0.06337262690067291,0.8504152297973633,0.5169108510017395,-0.0470169372856617
15,845,-392,-122,265,-160,127,-80,63,3067,-17922,-6259,-894,-0.06291308999061584,0.848792552947998,0.5196262001991272,-0.04696597903966904
48,930,-424,-122,265,-160,196,-25,70,3067,-17899,-6265,-893,-0.06136699765920639,0.8485904932022095,0.519920825958252,-0.04938039928674698
76,919,-505,-122,265,-160,72,-8,19,3067,-17868,-6248,-895,-0.060314156115055084,0.8500945568084717,0.5173853039741516,-0.05136565491557121
46,816,-357,-125,266,-166,95,48,-8,3067,-17826,-6241,-899,-0.05928506702184677,0.8490330576896667,0.5189318060874939,-0.054471343755722046
-13,875,-396,-125,266,-166,284,171,-16,3067,-17823,-6268,-916,-0.06138166785240173,0.8487253785133362,0.5192049741744995,-0.054292403161525726
23,983,-611,-125,266,-166,235,193,-59,3067,-17839,-6230,-932,-0.06287729740142822,0.8508992791175842,0.5154475569725037,-0.05435676500201225
29,895,-474,-125,266,-166,96,147,-56,3067,-17826,-6200,-946,-0.06341978907585144,0.8516433238983154,0.51399827003479,-0.05576899275183678
33,847,-443,-125,266,-166,92,158,-28,3067,-17830,-6217,-962,-0.06447303295135498,0.8508129119873047,0.5151399970054626,-0.05669611319899559
26,928,-483,-125,266,-166,106,221,-38,3067,-17821,-6220,-980,-0.06573819369077682,0.8505699038505554,0.5152580142021179,-0.057808469980955124
94,845,-399,-116,269,-157,71,131,-67,3067,-17793,-6199,-993,-0.0646359995007515,0.8503133058547974,0.5154256224632263,-0.061284177005290985
18,911,-429,-116,269,-157,211,218,-165,3067,-17766,-6223,-1003,-0.06544637680053711,0.849526584148407,0.5165113806724548,-0.062139030545949936
59,900,-558,-116,269,-157,77,192,-178,3067,-17785,-6198,-1021,-0.06673531234264374,0.8508824110031128,0.5140633583068848,-0.0625239834189415
26,848,-400,-116,269,-157,64,193,-213,3067,-17767,-6207,-1030,-0.06748060882091522,0.8493091464042664,0.5165104269981384,-0.06295860558748245
90,904,-522,-116,269,-157,36,256,-233,3067,-17800,-6222,-1043,-0.06901246309280396,0.849772572517395,0.5155367851257324,-0.06301450729370117
-13,876,-373,-116,269,-157,-32,493,-258,3067,-17810,-6222,-1059,-0.07151901721954346,0.8484874963760376,0.5173636674880981,-0.0626029297709465
28,1060,-427,-116,269,-157,-51,401,-285,3067,-17811,-6247,-1077,-0.0729074776172638,0.8477585315704346,0.5183151960372925,-0.06295006722211838
54,904,-561,-122,266,-166,-258,13,-479,3067,-17819,-6244,-1096,-0.0750991478562355,0.8480451107025146,0.5176533460617065,-0.06196705624461174
41,996,-495,-122,266,-166,-246,16,-439,3067,-17869,-6285,-1121,-0.07819203287363052,0.8463113903999329,0.5201613306999207,-0.06082077696919441
10,928,-452,-122,266,-166,-350,-57,-391,3067,-17888,-6297,-1134,-0.08057628571987152,0.84544837474823,0.5214325785636902,-0.058794718235731125
17,953,-367,-122,266,-166,-254,-126,-304,3067,-17933,-6344,-1144,-0.08208179473876953,0.8432286381721497,0.5249316096305847,-0.05743660032749176
29,866,-379,-122,266,-166,-290,-151,-324,3067,-17931,-6360,-1150,-0.08212052285671234,0.8419888019561768,0.5267812013626099,-0.0586690716445446
10,846,-227,-122,266,-166,-36,-205,-282,3067,-17936,-6412,-1153,-0.08259928971529007,0.8398405909538269,0.5302460789680481,-0.05757851153612137
-11,915,-191,-122,266,-166,330,-171,-205,3067,-17961,-6449,-1150,-0.08331827074289322,0.8388209939002991,0.5319201350212097,-0.055942535400390625
-21,906,-293,-122,266,-166,769,-168,-126,3067,-17980,-6454,-1148,-0.08447669446468353,0.8391730189323425,0.531371533870697,-0.054087430238723755
-27,814,-437,-122,266,-166,962,-209,-45,3067,17999,-6402,-1151,-0.08553583920001984,0.8431995511054993,0.5249674320220947,-0.0522613488137722
-72,800,-565,-122,266,-166,911,-235,2,3067,17974,-6307,-1141,-0.08615975826978683,0.8477221727371216,0.5178368091583252,-0.049120720475912094
-64,787,-596,-122,266,-166,754,-236,22,3067,17953,-6215,-1126,-0.0862932801246643,0.8518574237823486,0.5112510323524475,-0.04624883830547333
-56,808,-591,-122,266,-166,614,-226,3,3067,17931,-6135,-1111,-0.08647901564836502,0.855417788028717,0.5055028200149536,-0.04327736422419548
-62,799,-588,-122,266,-166,505,-244,-34,3067,17905,-6065,-1096,-0.08675004541873932,0.8585284948348999,0.5004251599311829,-0.04002709314227104
-63,777,-586,-122,266,-166,407,-266,-64,3067,17875,-6005,-1079,-0.08708996325731277,0.8612189292907715,0.4960002899169922,-0.036408282816410065
-52,792,-573,-134,249,-167,290,-266,-88,3067,17842,-5952,-1063,-0.08740304410457611,0.8635464310646057,0.49211767315864563,-0.03305180370807648
-75,822,-558,-134,249,-167,186,-222,-92,3067,17808,-5911,-1048,-0.08811243623495102,0.8651010394096375,0.489513635635376,-0.028943954035639763
-76,828,-530,-134,249,-167,130,-193,-71,3067,17753,-5897,-1031,-0.08910848200321198,0.86567223072052,0.4885900616645813,-0.023980990052223206
-65,829,-553,-134,249,-167,92,-172,-45,3067,17707,-5888,-1011,-0.08935941755771637,0.866375207901001,0.48747631907463074,-0.019993599504232407
-59,842,-513,-134,249,-167,52,-155,-20,3067,17670,-5894,-988,-0.08864439278841019,0.8654634952545166,0.48934802412986755,-0.01666201464831829
-53,835,-519,-134,249,-167,38,-120,1,3067,17667,-5925,-962,-0.08643132448196411,0.8648011684417725,0.49090757966041565,-0.016841117292642593
-33,856,-509,-138,244,-167,16,-72,11,3067,17683,-5931,-945,-0.08464279770851135,0.8646211624145508,0.49150967597961426,-0.017546044662594795
-30,856,-511,-138,244,-167,-2,-47,10,3067,17714,-5935,-936,-0.0824204534292221,0.8641371130943298,0.49264419078826904,-0.020040592178702354
-29,860,-483,-138,244,-167,-1,13,5,3067,17745,-5964,-930,-0.0810101255774498,0.8624359369277954,0.4957644045352936,-0.022015230730175972
-33,861,-486,-138,244,-167,23,45,3,3067,17755,-6002,-932,-0.08102110028266907,0.8613559603691101,0.4975905120372772,-0.022968316450715065
-25,860,-487,-138,244,-167,29,68,-1,3067,17776,-6006,-939,-0.08059970289468765,0.8613665103912354,0.49754399061203003,-0.02497858926653862
-32,854,-493,-138,244,-167,30,69,-6,3067,17797,-6000,-946,-0.0802932009100914,0.8615348935127258,0.49721193313598633,-0.026710346341133118
-14,848,-493,-138,244,-167,39,53,-13,3067,17821,-5991,-952,-0.07946724444627762,0.8619860410690308,0.4964343011379242,-0.0290011428296566
-17,856,-475,-133,251,-170,55,45,-22,3067,17853,-5988,-956,-0.07835166901350021,0.8613165020942688,0.49761736392974854,-0.031549494713544846
-16,850,-491,-133,251,-170,76,9,-34,3067,17858,-5992,-959,-0.07857456058263779,0.8616855144500732,0.4969330430030823,-0.03168785572052002
-25,843,-498,-133,251,-170,92,11,-48,3067,17862,-5981,-961,-0.07896900922060013,0.8623769283294678,0.49569809436798096,-0.03124556690454483
-42,819,-520,-133,251,-170,93,-18,-55,3067,17848,-5956,-962,-0.07981070131063461,0.8636610507965088,0.4934174418449402,-0.02971261739730835
-77,803,-535,-133,251,-170,72,-46,-51,3067,17822,-5928,-961,-0.08098277449607849,0.8648769855499268,0.4912378489971161,-0.027186887338757515
-97,800,-551,-133,251,-170,13,-62,-40,3067,17787,-5905,-957,-0.08236011117696762,0.8658049702644348,0.4895404279232025,-0.023951217532157898
-90,808,-534,-133,251,-170,-15,-56,-12,3067,17745,-5891,-952,-0.0837060958147049,0.8664437532424927,0.4883347749710083,-0.020543482154607773
-78,816,-530,-133,251,-170,-28,-41,9,3067,17708,-5880,-946,-0.08461431413888931,0.8669003248214722,0.4874866306781769,-0.017458701506257057
-52,842,-514,-133,251,-170,-34,-40,28,3067,17673,-5882,-935,-0.08442941308021545,0.8665117025375366,0.488274484872818,-0.015476766973733902
-34,840,-503,-133,251,-170,-34,-29,33,3067,17683,-5901,-920,-0.08243060111999512,0.8657033443450928,0.4900028109550476,-0.016875244677066803
-11,855,-502,-133,251,-170,-46,-12,23,3067,17721,-5919,-911,-0.08019113540649414,0.8647477030754089,0.4919605851173401,-0.019590657204389572
-15,867,-472,-133,251,-170,-29,24,19,3067,17754,-5955,-906,-0.07856245338916779,0.8630139827728271,0.49514997005462646,-0.022131042554974556
-12,877,-479,-133,251,-170,9,55,11,3067,17785,-5993,-906,-0.07721620798110962,0.8617274761199951,0.49745380878448486,-0.025053340941667557
-20,858,-494,-133,251,-170,14,59,-10,3067,17822,-5994,-913,-0.07657742500305176,0.8617470860481262,0.49742841720581055,-0.026748858392238617
-30,840,-499,-138,249,-162,2,60,-30,3067,17833,-6006,-906,-0.07567428797483444,0.8614040613174438,0.4981459379196167,-0.027010496705770493
-48,841,-499,-138,249,-162,3,69,-33,3067,17824,-6013,-900,-0.07589066028594971,0.8611438870429993,0.49863266944885254,-0.02568492479622364
-29,845,-524,-138,249,-162,-2,70,-37,3067,17811,-6003,-898,-0.07625466585159302,0.8619229793548584,0.4972696900367737,-0.02490055561065674
-59,820,-509,-138,249,-162,-15,44,-52,3067,17794,-5986,-897,-0.07726015150547028,0.8624851107597351,0.49624261260032654,-0.022738927975296974
-68,817,-518,-138,249,-162,-6,34,-38,3067,17756,-5981,-894,-0.0786975845694542,0.8627942204475403,0.49560782313346863,-0.019734514877200127
-74,814,-523,-138,249,-162,-14,20,-18,3067,17723,-5971,-891,-0.07979791611433029,0.8633520603179932,0.49455901980400085,-0.017051327973604202
-63,822,-508,-135,252,-168,-26,0,-5,3067,17695,-5961,-885,-0.08025819063186646,0.8638536930084229,0.4936652183532715,-0.01526179350912571
-69,833,-494,-135,252,-168,-19,-11,11,3067,17671,-5957,-881,-0.08105869591236115,0.8637645840644836,0.49375468492507935,-0.013001746498048306
-50,838,-501,-135,252,-168,-5,-29,17,3067,17663,-5967,-874,-0.0802464485168457,0.8635594844818115,0.49423789978027344,-0.013327796012163162
-42,850,-503,-135,252,-168,-9,-37,6,3067,17682,-5959,-870,-0.07898759096860886,0.8638310432434082,0.4939311444759369,-0.01454829890280962
-36,844,-490,-135,252,-168,-15,-44,6,3067,17699,-5962,-863,-0.07754542678594589,0.8632428646087646,0.49514830112457275,-0.01586807891726494
-36,852,-490,-135,252,-168,-1,-21,4,3067,17729,-5989,-857,-0.076163649559021,0.8621981143951416,0.4971138536930084,-0.017741834744811058
-27,854,-491,-135,252,-168,11,-14,4,3067,17743,-6001,-856,-0.07558625191450119,0.8620635867118835,0.4973955452442169,-0.018793340772390366
-51,856,-493,-135,248,-166,11,-1,-8,3067,17751,-5995,-857,-0.07597231864929199,0.8622169494628906,0.4970873296260834,-0.018358692526817322
-51,838,-502,-135,248,-166,9,6,-5,3067,17740,-5988,-859,-0.0765618085861206,0.86271733045578,0.49615782499313354,-0.017535943537950516
-51,843,-505,-135,248,-166,8,29,7,3067,17725,-5977,-860,-0.07724661380052567,0.8632434010505676,0.49517136812210083,-0.016492992639541626
-58,829,-519,-135,248,-166,1,58,20,3067,17712,-5961,-861,-0.07782838493585587,0.8638256788253784,0.49409160017967224,-0.015618962235748768
-59,836,-496,-135,248,-166,-4,62,31,3067,17704,-5950,-862,-0.07828212529420853,0.8641024231910706,0.4935625195503235,-0.014744223095476627
-46,833,-502,-135,248,-166,-2,63,42,3067,17693,-5946,-861,-0.07831547409296036,0.8645392656326294,0.49279817938804626,-0.014521105214953423
-36,841,-509,-135,248,-166,-5,67,42,3067,17706,-5941,-859,-0.07719449698925018,0.8647179007530212,0.4926130473613739,-0.016116052865982056
-31,858,-511,-137,244,-164,-9,68,32,3067,17740,-5936,-857,-0.07562050968408585,0.8645164370536804,0.49313032627105713,-0.01839124597609043
-26,847,-487,-137,244,-164,-11,55,16,3067,17768,-5949,-854,-0.0743183046579361,0.8635174632072449,0.49500572681427,-0.020207153633236885
-19,850,-490,-137,244,-164,8,35,9,3067,17787,-5977,-852,-0.07327872514724731,0.8628969788551331,0.4961605370044708,-0.022056134417653084
-24,848,-499,-137,244,-164,23,17,6,3067,17802,-5980,-853,-0.07305166125297546,0.8628636598587036,0.4962324798107147,-0.022484369575977325
-27,836,-509,-137,244,-164,17,1,-2,3067,17801,-5972,-853,-0.07324720919132233,0.8633805513381958,0.4953235685825348,-0.02204855903983116
-51,834,-498,-137,244,-164,23,-6,2,3067,17782,-5967,-851,-0.07428760081529617,0.863427460193634,0.4951801300048828,-0.019857848063111305
-51,830,-500,-137,244,-164,19,-6,9,3067,17758,-5959,-849,-0.07504264265298843,0.8641130924224854,0.4939265549182892,-0.01835544966161251
-66,833,-517,-140,250,-174,-1,-15,0,3067,17748,-5936,-852,-0.07574353367090225,0.8651878833770752,0.4919641613960266,-0.017536070197820663
-43,842,-499,-140,250,-174,-17,-21,5,3067,17737,-5914,-853,-0.07610879838466644,0.8656879663467407,0.49103793501853943,-0.017192278057336807
-47,846,-484,-140,250,-174,-6,-14,16,3067,17734,-5912,-856,-0.0764315202832222,0.8653277158737183,0.4916287064552307,-0.017020147293806076
-32,849,-494,-140,250,-174,-3,-2,12,3067,17743,-5921,-858,-0.07582030445337296,0.8654620051383972,0.49142807722091675,-0.01866612210869789
-26,856,-493,-140,250,-174,-5,-2,12,3067,17772,-5923,-861,-0.0750088170170784,0.8649910688400269,0.49229809641838074,-0.020713288336992264
-46,845,-489,-140,250,-174,8,-7,15,3067,17780,-5932,-866,-0.0753953605890274,0.864861249923706,0.4924636781215668,-0.020800666883587837
-36,839,-503,-135,257,-166,5,26,21,3067,17773,-5925,-870,-0.07499232143163681,0.8644876480102539,0.4931872487068176,-0.02072455734014511
-34,842,-502,-135,257,-166,-1,33,18,3067,17776,-5955,-852,-0.07382630556821823,0.8634994029998779,0.4951218366622925,-0.019908783957362175
-41,860,-512,-135,257,-166,-7,41,7,3067,17766,-5975,-839,-0.07336252182722092,0.8627625107765198,0.496515691280365,-0.01883879117667675
-37,840,-493,-135,257,-166,-7,34,0,3067,17762,-5981,-831,-0.07288927584886551,0.8627869486808777,0.49655598402023315,-0.018453622236847878
-37,844,-506,-135,257,-166,-2,35,-9,3067,17756,-5982,-825,-0.07281244546175003,0.8629748225212097,0.49627041816711426,-0.01763121597468853
-56,837,-498,-135,257,-166,-13,35,-2,3067,17747,-5978,-820,-0.07293573766946793,0.8627892136573792,0.4966181814670563,-0.016395164653658867
-49,838,-502,-135,257,-166,-16,25,1,3067,17736,-5984,-814,-0.07295818626880646,0.8627631664276123,0.4966929256916046,-0.015352539718151093
-44,842,-499,-137,250,-166,-17,16,3,3067,17727,-5985,-809,-0.07303215563297272,0.8631354570388794,0.4960474371910095,-0.014937633648514748
-43,850,-494,-137,250,-166,-18,5,2,3067,17731,-5984,-809,-0.07281371206045151,0.8626200556755066,0.49696803092956543,-0.015197268687188625
-50,851,-490,-137,250,-166,-6,-5,9,3067,17734,-5994,-809,-0.07259883731603622,0.8622725605964661,0.4975886940956116,-0.015631044283509254
-38,857,-489,-137,250,-166,6,8,12,3067,17741,-5993,-809,-0.07244448363780975,0.8624771237373352,0.4972420334815979,-0.01605900377035141
-36,842,-498,-137,250,-166,3,-12,21,3067,17744,-5988,-810,-0.07203894108533859,0.8626409769058228,0.4969977140426636,-0.016657518222928047
-41,846,-500,-137,250,-166,15,-5,23,3067,17756,-5988,-809,-0.07165826112031937,0.8629446625709534,0.49650758504867554,-0.017151668667793274
-38,848,-514,-137,250,-166,17,-8,14,3067,17760,-5977,-808,-0.0716167613863945,0.8635057210922241,0.49554306268692017,-0.016989029943943024
-44,833,-510,-136,254,-162,1,-7,1,3067,17757,-5973,-799,-0.07095184177160263,0.8634487986564636,0.4957737922668457,-0.015921782702207565
-49,848,-507,-136,254,-162,-1,3,2,3067,17742,-5975,-787,-0.07057569175958633,0.8631889820098877,0.4963303506374359,-0.014245058409869671
-41,848,-500,-136,254,-162,-6,-4,10,3067,17725,-5991,-773,-0.06978428363800049,0.8624870181083679,0.49768513441085815,-0.013384739868342876
-29,852,-487,-136,254,-162,8,9,15,3067,17736,-5998,-763,-0.06843336671590805,0.8622164726257324,0.49831652641296387,-0.014241740107536316
-33,844,-487,-136,254,-162,12,10,19,3067,17758,-6010,-754,-0.06710859388113022,0.8620291948318481,0.49878939986228943,-0.015292284078896046
-25,850,-491,-136,254,-162,15,12,12,3067,17775,-6011,-748,-0.0657283291220665,0.8619765043258667,0.4990191161632538,-0.016708802431821823
-28,856,-498,-136,254,-162,17,24,4,3067,17792,-6007,-744,-0.06505940854549408,0.8622927069664001,0.49853676557540894,-0.0173907820135355
-43,848,-510,-137,255,-169,15,16,-9,3067,17796,-5989,-747,-0.06572018563747406,0.8632278442382812,0.4968448579311371,-0.016935305669903755
-51,830,-502,-137,255,-169,11,11,-12,3067,17779,-5972,-750,-0.06674865633249283,0.8639630079269409,0.49547290802001953,-0.01557245571166277
-63,830,-504,-137,255,-169,12,14,4,3067,17752,-5960,-752,-0.06814422458410263,0.8643667101860046,0.4946443736553192,-0.013303219340741634
-54,833,-513,-137,255,-169,8,0,24,3067,17729,-5947,-752,-0.06872319430112839,0.8651042580604553,0.49330267310142517,-0.012120137922465801
-48,846,-508,-137,255,-169,-3,0,31,3067,17721,-5934,-750,-0.06864093989133835,0.8654287457466125,0.49275460839271545,-0.011697021313011646
-31,844,-506,-137,255,-169,-15,-6,22,3067,17737,-5936,-746,-0.06742790341377258,0.8650801181793213,0.49349838495254517,-0.0131337596103549
-14,864,-482,-130,245,-167,-11,-6,16,3067,17765,-5950,-742,-0.06586483865976334,0.8644332885742188,0.4947556257247925,-0.016057685017585754
-25,860,-484,-130,245,-167,-1,-3,-1,3067,17802,-5954,-750,-0.06537938863039017,0.864185094833374,0.4951654374599457,-0.018531231209635735
-25,847,-492,-130,245,-167,12,3,-7,3067,17818,-5967,-761,-0.06580980122089386,0.8638381361961365,0.4956676959991455,-0.019716186448931694
-40,842,-494,-130,245,-167,22,2,-8,3067,17812,-5958,-770,-0.0668826550245285,0.8643742203712463,0.49461352825164795,-0.019085917621850967
-44,847,-508,-130,245,-167,12,-1,-13,3067,17795,-5940,-776,-0.06796982139348984,0.865214467048645,0.4930349886417389,-0.017987631261348724
-53,834,-499,-130,245,-167,6,5,-11,3067,17776,-5926,-780,-0.06928165256977081,0.8656101822853088,0.49221259355545044,-0.01639082469046116
