327,957,-188,97,269,-203,12,-8,17,2665,-10335,-346,-6974,-0.4372591972351074,0.6319923400878906,0.37288376688957214,-0.516692042350769
325,930,-191,97,269,-203,4,-3,22,2665,-10326,-314,-6973,-0.43796318769454956,0.6324698328971863,0.37141403555870056,-0.516571044921875
329,926,-183,97,269,-203,5,-5,30,2665,-10275,-265,-6959,-0.4376617968082428,0.6326135993003845,0.3699999153614044,-0.5176630616188049
347,932,-187,97,269,-203,3,-8,29,2665,-10252,-235,-6939,-0.4371729791164398,0.6334919333457947,0.36846834421157837,-0.5180939435958862
343,919,-191,97,269,-203,5,-6,20,2665,-10248,-219,-6920,-0.43684902787208557,0.6344860196113586,0.3672253489494324,-0.5180333852767944
330,928,-188,97,269,-203,-1,-9,13,2665,-10261,-218,-6914,-0.43704891204833984,0.6350315809249878,0.3668474853038788,-0.5174633860588074
341,926,-199,97,269,-203,-3,2,7,2665,-10258,-224,-6918,-0.43703997135162354,0.6347247362136841,0.36739635467529297,-0.5174593925476074
338,924,-213,93,266,-203,-4,6,7,2665,-10291,-242,-6928,-0.4378044903278351,0.6355113387107849,0.3672417998313904,-0.515954315662384
341,940,-186,93,266,-203,-10,12,0,2665,-10318,-258,-6931,-0.4376593828201294,0.6352754235267639,0.36809176206588745,-0.51576167345047
329,929,-164,93,266,-203,-7,13,-11,2665,-10304,-278,-6936,-0.4364830255508423,0.6331014633178711,0.37054139375686646,-0.5176800489425659
338,938,-166,93,266,-203,3,16,-9,2665,-10276,-293,-6951,-0.43567413091659546,0.6307641863822937,0.37290915846824646,-0.5195109844207764
333,920,-196,93,266,-203,5,1,6,2665,-10262,-301,-6967,-0.4364407956600189,0.6308947801589966,0.372956246137619,-0.518669605255127
325,919,-169,93,266,-203,-35,-9,22,2665,-10282,-299,-6961,-0.4363412857055664,0.6307822465896606,0.37307849526405334,-0.5188024044036865
347,946,-176,93,266,-203,-11,-15,29,2665,-10245,-291,-6952,-0.43465203046798706,0.6308431029319763,0.372419148683548,-0.5206164717674255
339,933,-176,93,266,-203,-10,-2,16,2665,-10238,-293,-6939,-0.43446993827819824,0.6305250525474548,0.3731329143047333,-0.5206437110900879
341,946,-187,93,266,-203,-3,-3,20,2665,-10259,-306,-6948,-0.43497827649116516,0.6311699151992798,0.37277302145957947,-0.5196934938430786
343,937,-177,93,266,-203,5,5,12,2665,-10271,-310,-6949,-0.4348651170730591,0.6312764883041382,0.3727127015590668,-0.5197016000747681
326,936,-185,93,266,-203,6,4,10,2665,-10280,-314,-6953,-0.4355947971343994,0.6309052109718323,0.3734028935432434,-0.5190474390983582
341,950,-178,93,266,-203,6,-23,5,2665,-10287,-315,-6957,-0.43544358015060425,0.6315985918045044,0.3725040555000305,-0.5189760327339172
328,931,-202,93,266,-203,11,-5,-1,2665,-10294,-310,-6951,-0.4362807869911194,0.6324546933174133,0.3718726634979248,-0.5176808834075928
344,921,-205,89,269,-196,2,-4,3,2665,-10325,-329,-6958,-0.43645867705345154,0.6330775022506714,0.3721145689487457,-0.516594648361206
336,929,-197,89,269,-196,-6,-7,4,2665,-10366,-353,-6958,-0.43691933155059814,0.6339781880378723,0.3721309304237366,-0.5150871276855469
340,924,-192,89,269,-196,-13,-2,7,2665,-10406,-376,-6959,-0.43673861026763916,0.63498854637146,0.37183281779289246,-0.5142099261283875
335,934,-177,89,269,-196,-15,-1,0,2665,-10426,-411,-6956,-0.43537473678588867,0.6340778470039368,0.37384384870529175,-0.5150318741798401
339,946,-180,89,269,-196,-14,8,-1,2665,-10430,-453,-6966,-0.43458911776542664,0.6324845552444458,0.3763960003852844,-0.5157966613769531
330,937,-157,89,269,-196,-3,12,3,2665,-10446,-487,-6981,-0.43404558300971985,0.6308590173721313,0.3785586655139923,-0.5166642069816589
318,942,-168,89,269,-196,8,10,9,2665,-10428,-507,-6994,-0.4338400661945343,0.6293222308158875,0.38039642572402954,-0.5173566937446594
322,938,-176,95,269,-203,16,-2,27,2665,-10392,-473,-6987,-0.43399786949157715,0.6301900744438171,0.3780061602592468,-0.5179199576377869
325,935,-200,95,269,-203,12,-14,37,2665,-10380,-434,-6971,-0.43443992733955383,0.6317208409309387,0.3758527636528015,-0.5172513127326965
342,931,-189,95,269,-203,2,-14,41,2665,-10386,-412,-6952,-0.4341166913509369,0.6335535645484924,0.3733939826488495,-0.5170620679855347
360,921,-212,95,269,-203,-8,-4,27,2665,-10390,-391,-6927,-0.4336532652378082,0.6355296969413757,0.37098389863967896,-0.5167605876922607
361,919,-195,95,269,-203,-15,7,0,2665,-10388,-371,-6896,-0.432355135679245,0.6369307041168213,0.36913183331489563,-0.517448365688324
336,931,-186,95,269,-203,-18,5,-19,2665,-10396,-371,-6881,-0.43245550990104675,0.6370406150817871,0.36954450607299805,-0.5169345736503601
318,941,-186,95,269,-203,-20,9,-17,2665,-10408,-403,-6911,-0.4338025450706482,0.6354132294654846,0.3720080256462097,-0.5160421133041382
309,935,-174,94,264,-205,-22,2,2,2665,-10419,-414,-6944,-0.43556901812553406,0.6335976719856262,0.3739234209060669,-0.515402615070343
321,906,-259,94,264,-205,-33,-11,26,2665,-10424,-411,-6966,-0.4367092251777649,0.6346396207809448,0.37291219830513,-0.513884961605072
350,927,-191,94,264,-205,-102,9,37,2665,-10442,-403,-6952,-0.4354955554008484,0.6357420086860657,0.3711121380329132,-0.5148600339889526
371,918,-196,94,264,-205,-63,14,14,2665,-10381,-371,-6914,-0.4333280026912689,0.6361915469169617,0.3697727620601654,-0.5170865058898926
353,915,-191,94,264,-205,-94,12,-17,2665,-10377,-359,-6888,-0.43234917521476746,0.6372963786125183,0.3684373199939728,-0.5174984931945801
360,936,-209,94,264,-205,-97,-2,-42,2670,-10394,-361,-6877,-0.4324338138103485,0.638346254825592,0.3677610158920288,-0.5166138410568237
346,904,-193,89,261,-200,-111,9,-44,2670,-10421,-376,-6877,-0.4321897625923157,0.6381728053092957,0.3688769042491913,-0.5162404179573059
336,927,-186,89,261,-200,-103,27,-48,2670,-10431,-426,-6897,-0.4318559169769287,0.6359235644340515,0.37234967947006226,-0.5168032646179199
332,954,-147,89,261,-200,-107,21,-48,2670,-10438,-471,-6930,-0.4315829575061798,0.6330117583274841,0.3760267198085785,-0.5179442167282104
311,964,-134,89,261,-200,-91,26,-42,2670,-10408,-493,-6951,-0.43128153681755066,0.6299962401390076,0.3793555200099945,-0.5194422006607056
310,960,-146,89,261,-200,-68,17,-26,2670,-10385,-513,-6983,-0.43185779452323914,0.6268144249916077,0.382672518491745,-0.5203766226768494
306,956,-145,89,261,-200,-64,8,2,2670,-10351,-511,-7018,-0.4327198266983032,0.6238709092140198,0.38494443893432617,-0.5215222239494324
325,948,-192,89,261,-200,-51,2,19,2670,-10305,-479,-7017,-0.43264374136924744,0.6248326897621155,0.38321423530578613,-0.5217026472091675
346,940,-192,95,269,-202,-57,3,25,2670,-10285,-443,-6993,-0.4320417046546936,0.626254141330719,0.38074275851249695,-0.5223067402839661
332,916,-205,95,269,-202,-87,-6,17,2670,-10292,-424,-6976,-0.43215250968933105,0.6279106736183167,0.3788675367832184,-0.5215895175933838
357,912,-184,95,269,-202,-105,6,6,2670,-10302,-410,-6954,-0.43138325214385986,0.6297066807746887,0.37660208344459534,-0.5217016935348511
363,934,-215,95,269,-202,-133,15,-14,2670,-10305,-394,-6929,-0.4308902621269226,0.6313479542732239,0.37472957372665405,-0.5214736461639404
355,920,-179,95,269,-202,-156,18,-37,2670,-10308,-384,-6906,-0.4296931028366089,0.6323322653770447,0.3734433054924011,-0.5221904516220093
333,943,-177,95,269,-202,-150,21,-59,2670,-10301,-389,-6893,-0.4293648600578308,0.6317922472953796,0.37445947527885437,-0.5223856568336487
313,944,-151,95,269,-202,-160,20,-60,2670,-10323,-418,-6924,-0.4306349456310272,0.6296182870864868,0.377419650554657,-0.521837592124939
316,940,-149,97,272,-196,-162,23,-49,2670,-10291,-429,-6954,-0.43108758330345154,0.6267908811569214,0.37996706366539,-0.5230159759521484
314,948,-156,97,272,-196,-168,13,-30,2670,-10254,-412,-6986,-0.4325094223022461,0.6247963309288025,0.38081833720207214,-0.5236082077026367
344,939,-156,97,272,-196,-178,13,-22,2670,-10181,-354,-6987,-0.4313102960586548,0.6241057515144348,0.37972816824913025,-0.5262108445167542
342,933,-138,97,272,-196,-167,-34,-37,2670,-10140,-328,-6973,-0.43020662665367126,0.6236589550971985,0.37937381863594055,-0.5278950929641724
364,933,-199,97,272,-196,-186,73,-57,2670,-10115,-307,-6940,-0.4295465350151062,0.6249072551727295,0.3776724934577942,-0.5281738638877869
344,923,-200,97,272,-196,-222,62,-77,2670,-10125,-300,-6936,-0.4300653040409088,0.6256109476089478,0.37706640362739563,-0.5273510217666626
353,936,-167,97,272,-196,-249,74,-76,2670,-10139,-302,-6935,-0.42995405197143555,0.6261265277862549,0.3763388395309448,-0.5273492932319641
334,940,-185,101,277,-201,-244,115,-81,2670,-10120,-281,-6925,-0.4303799867630005,0.6261631846427917,0.37588953971862793,-0.5272788405418396
321,946,-146,101,277,-201,-276,115,-90,2670,-10118,-274,-6940,-0.4313318133354187,0.6240178346633911,0.3778025209903717,-0.5276830792427063
304,959,-87,101,277,-201,-252,137,-79,2670,-10054,-269,-6968,-0.43075230717658997,0.62041836977005,0.3808598518371582,-0.5301979184150696
275,972,-89,101,277,-201,-227,155,-57,2670,-9994,-263,-6994,-0.43078452348709106,0.6167372465133667,0.3839840888977051,-0.5322092175483704
299,964,-86,101,277,-201,-185,127,-22,2670,-9928,-249,-7018,-0.43026965856552124,0.6133946180343628,0.38635993003845215,-0.5347633957862854
318,947,-91,101,277,-201,-160,113,-4,2670,-9842,-215,-7020,-0.4287108778953552,0.6107596158981323,0.387270987033844,-0.5383602380752563
342,942,-121,95,272,-192,-143,108,-7,2670,-9753,-150,-6995,-0.42799121141433716,0.6106207370758057,0.385694295167923,-0.5402122735977173
390,958,-145,95,272,-192,-143,114,-23,2670,-9747,-137,-6992,-0.42779475450515747,0.6115732789039612,0.3841855525970459,-0.540365993976593
312,946,-104,95,272,-192,-152,143,-30,2670,-9733,-127,-6997,-0.42903777956962585,0.6092092394828796,0.38665205240249634,-0.5402927398681641
360,959,-129,95,272,-192,-127,62,-42,2670,-9690,-115,-6998,-0.4277639091014862,0.6092432737350464,0.3859138488769531,-0.5417878031730652
325,940,-95,95,272,-192,-122,60,-60,2670,-9674,-119,-7001,-0.42732948064804077,0.6065887212753296,0.38858890533447266,-0.5431983470916748
317,960,-80,95,272,-192,-106,44,-63,2670,-9647,-122,-7033,-0.42811304330825806,0.6038619875907898,0.3912392258644104,-0.5437194108963013
298,949,-49,95,272,-192,-72,-1,-43,2670,-9604,-124,-7065,-0.4279337525367737,0.6008498072624207,0.39398154616355896,-0.5452165603637695
282,954,-96,95,272,-192,-39,-27,-24,2670,-9569,-107,-7093,-0.43041619658470154,0.5992860794067383,0.3950797915458679,-0.5441816449165344
334,946,-87,95,272,-192,-23,-15,-9,2670,-9540,-66,-7087,-0.4290240406990051,0.6003477573394775,0.3925444483757019,-0.545945942401886
347,952,-84,95,272,-192,3,23,-27,2670,-9495,-33,-7041,-0.42708462476730347,0.6008400917053223,0.39088085293769836,-0.5481098294258118
332,946,-90,95,272,-192,16,22,-37,2670,-9485,-19,-7035,-0.42696085572242737,0.6010013818740845,0.39025211334228516,-0.5484803318977356
355,920,-86,95,272,-192,66,77,-51,2670,-9451,-2,-7006,-0.4253216087818146,0.6016451120376587,0.38869184255599976,-0.5501513481140137
351,953,-111,95,272,-192,105,133,-77,2670,-9452,14,-6983,-0.4259045422077179,0.6028226613998413,0.3871272802352905,-0.5495140552520752
317,1006,-98,95,272,-192,103,133,-85,2670,-9461,31,-7002,-0.42837533354759216,0.6025910973548889,0.38745200634002686,-0.5476153492927551
339,917,1,97,277,-190,139,191,-85,2670,-9417,58,-7014,-0.427633672952652,0.6004344820976257,0.3880588114261627,-0.5501357316970825
357,1033,-320,97,277,-190,576,413,-122,2670,-9339,122,-7003,-0.4294823706150055,0.600533127784729,0.38550111651420593,-0.5503798127174377
316,905,-13,97,277,-190,263,327,-158,2670,-9305,196,-7022,-0.43160054087638855,0.5990974307060242,0.3853144645690918,-0.5504245162010193
337,950,-108,97,277,-190,526,364,-164,2670,-9191,290,-7030,-0.43320614099502563,0.5975795388221741,0.38398879766464233,-0.5517371892929077
347,954,-304,97,277,-190,819,491,-282,2670,-9108,395,-7021,-0.43659523129463196,0.5979553461074829,0.3803974688053131,-0.5511402487754822
195,1139,-520,97,277,-190,748,520,-378,2670,-9055,516,-7037,-0.4419015049934387,0.5983330607414246,0.37749460339546204,-0.5484917163848877
227,1018,-305,97,277,-190,387,411,-254,2670,-9001,629,-7078,-0.44704025983810425,0.5979757308959961,0.3764347434043884,-0.5454378724098206
326,808,156,94,267,-199,434,254,-184,2670,-8927,712,-7113,-0.44879645109176636,0.5957527160644531,0.3767733871936798,-0.5461990833282471
228,1149,-680,94,267,-199,574,212,-154,2670,-8858,808,-7120,-0.4527227282524109,0.5967053771018982,0.3741237223148346,-0.5437285900115967
252,909,96,94,267,-199,-83,17,-79,2670,-8858,841,-7149,-0.45360323786735535,0.5954567193984985,0.37566283345222473,-0.543308436870575
318,944,-90,94,267,-199,240,77,-63,2670,-8804,864,-7143,-0.4532592296600342,0.5942235589027405,0.3759792149066925,-0.5447180867195129
278,944,-169,94,267,-199,241,16,-57,2670,-8797,887,-7171,-0.45618996024131775,0.5948777198791504,0.3755952715873718,-0.5418142080307007
374,948,-216,94,267,-199,275,14,-86,2670,-8825,902,-7158,-0.4567905068397522,0.5974577069282532,0.3724254369735718,-0.5406569242477417
320,935,-216,93,265,-195,210,58,-137,2670,-8853,922,-7152,-0.4587090313434601,0.5993204116821289,0.3703119158744812,-0.5384177565574646
276,1000,-304,93,265,-195,130,41,-137,2670,-8875,947,-7163,-0.46131443977355957,0.6005373597145081,0.36920392513275146,-0.5355895161628723
228,948,-160,93,265,-195,35,40,-98,2670,-8892,960,-7194,-0.4640800654888153,0.5996432304382324,0.3708208203315735,-0.5330826044082642
248,958,-134,93,265,-195,73,59,-43,2670,-8859,977,-7242,-0.46609050035476685,0.5970280766487122,0.37365782260894775,-0.5322808623313904
216,947,-95,93,265,-195,52,59,-6,2670,-8818,1010,-7288,-0.46781855821609497,0.5946403741836548,0.37594160437583923,-0.5318334698677063
268,961,-84,93,265,-195,86,-4,34,2670,-8754,1044,-7311,-0.4677043557167053,0.5924690365791321,0.3774102032184601,-0.5333154797554016
239,958,-129,93,265,-195,112,-36,56,2670,-8681,1086,-7318,-0.4689129889011383,0.5907289385795593,0.37817901372909546,-0.5336329340934753
268,971,-188,93,264,-204,112,-76,86,2670,-8678,1119,-7330,-0.47060462832450867,0.5923757553100586,0.3764316737651825,-0.5315496921539307
231,983,-180,93,264,-204,90,-77,101,2670,-8709,1130,-7329,-0.4725436866283417,0.5934481024742126,0.37549784779548645,-0.5292900800704956
208,979,-142,93,264,-204,94,-93,159,2670,-8703,1147,-7364,-0.4744741916656494,0.5919336080551147,0.3774072527885437,-0.5279034972190857
196,1014,-147,93,264,-204,118,-119,229,2670,-8678,1160,-7392,-0.475525826215744,0.5904728770256042,0.37923723459243774,-0.5272810459136963
135,1083,-243,93,264,-204,47,-145,315,2670,-8678,1163,-7421,-0.4770742356777191,0.5906071066856384,0.3800519108772278,-0.5251377820968628
152,1005,-141,93,264,-204,-180,-284,480,2670,-8748,1112,-7439,-0.4766988158226013,0.5909336805343628,0.38148149847984314,-0.5240784287452698
314,976,-47,93,264,-204,-93,-309,589,2670,-8799,1028,-7414,-0.47188350558280945,0.5921618938446045,0.3811342716217041,-0.527292788028717
352,962,-130,98,274,-206,87,-218,592,2670,-8848,958,-7347,-0.4672078788280487,0.5950590372085571,0.3779056668281555,-0.5305061340332031
405,894,-186,98,274,-206,116,-190,544,2670,-8917,911,-7263,-0.4634746313095093,0.5996450781822205,0.3729895353317261,-0.5320919156074524
442,853,-230,98,274,-206,110,-135,445,2670,-8993,868,-7187,-0.46052417159080505,0.6040933132171631,0.3683067858219147,-0.532882571220398
432,873,-250,98,274,-206,90,-80,358,2670,-9058,840,-7122,-0.4582955241203308,0.6080945134162903,0.36398544907569885,-0.5332217216491699
437,863,-258,98,274,-206,59,-112,299,2670,-9118,817,-7068,-0.456379234790802,0.6118361353874207,0.3601997494697571,-0.5331560969352722
420,875,-299,98,274,-206,6,-83,233,2670,-9183,789,-7022,-0.45502185821533203,0.615220308303833,0.3570815324783325,-0.5325185060501099
429,881,-233,98,274,-206,-66,-88,179,2670,-9245,759,-6985,-0.4532774090766907,0.6182500123977661,0.35436582565307617,-0.5323123335838318
423,883,-213,106,272,-204,-77,-80,120,2670,-9290,735,-6940,-0.4513290822505951,0.6209951043128967,0.3516376316547394,-0.5325807929039001
378,916,-215,106,272,-204,-96,-75,73,2670,-9339,709,-6908,-0.45025524497032166,0.6232001185417175,0.3501398265361786,-0.5318992137908936
373,916,-217,106,272,-204,-112,-78,47,2670,-9394,671,-6896,-0.4495313763618469,0.6249294281005859,0.3495027422904968,-0.5309008955955505
339,922,-191,106,272,-204,-141,-94,25,2670,-9449,629,-6896,-0.44987791776657104,0.6252198219299316,0.35113948583602905,-0.5291832089424133
341,937,-196,106,272,-204,-150,-90,30,2670,-9500,578,-6924,-0.45047423243522644,0.6252925395965576,0.352882981300354,-0.5274264812469482
342,914,-169,106,272,-204,-160,-78,30,2670,-9525,534,-6942,-0.44938474893569946,0.6235781908035278,0.35577574372291565,-0.5284433364868164
333,931,-198,101,266,-201,-158,-81,30,2670,-9536,502,-6956,-0.4495832622051239,0.6238651275634766,0.3566860556602478,-0.5273188948631287
349,931,-168,101,266,-201,-186,-45,19,2670,-9571,467,-6947,-0.44749680161476135,0.623535692691803,0.3578161299228668,-0.5287167429924011
374,924,-167,101,266,-201,-155,-3,0,2670,-9550,436,-6926,-0.4440542459487915,0.6230199933052063,0.3583448827266693,-0.5318599343299866
353,940,-168,101,266,-201,-147,29,-23,2670,-9556,400,-6905,-0.4428434669971466,0.6223476529121399,0.3600967526435852,-0.5324732661247253
343,942,-153,101,266,-201,-147,39,-26,2670,-9561,362,-6939,-0.44243454933166504,0.6195819973945618,0.3637811839580536,-0.5335372686386108
327,942,-144,101,266,-201,-145,42,-13,2670,-9524,345,-6963,-0.44265711307525635,0.6164225935935974,0.3674757182598114,-0.5344778299331665
337,944,-145,101,266,-201,-140,21,11,2670,-9485,347,-6985,-0.4419672191143036,0.6150655150413513,0.36825814843177795,-0.5360676646232605
336,936,-163,101,270,-202,-149,21,14,2670,-9484,351,-6974,-0.44187548756599426,0.6158556938171387,0.3676602244377136,-0.5356459021568298
348,928,-173,101,270,-202,-164,16,13,2670,-9507,340,-6969,-0.4415786862373352,0.617034912109375,0.3667283058166504,-0.5351727604866028
378,920,-164,101,270,-202,-191,19,1,2670,-9529,331,-6949,-0.44014737010002136,0.6185613870620728,0.3651264011859894,-0.5356857180595398
365,923,-160,101,270,-202,-199,19,-22,2670,-9542,315,-6919,-0.4386993646621704,0.6193598508834839,0.3647944927215576,-0.5361751914024353
349,927,-151,101,270,-202,-212,7,-25,2670,-9568,281,-6915,-0.43719547986984253,0.6192235350608826,0.3658750653266907,-0.5368266701698303
360,931,-128,101,270,-202,-196,7,-39,2670,-9556,246,-6898,-0.434257447719574,0.6177206039428711,0.36797553300857544,-0.539497971534729
345,932,-147,101,270,-202,-189,14,-44,2670,-9577,203,-6914,-0.4346383213996887,0.6173964738845825,0.36954864859580994,-0.5384864807128906
366,922,-160,101,270,-202,-200,9,-46,2670,-9606,183,-6913,-0.4341350495815277,0.6184725761413574,0.3689348101615906,-0.5380785465240479
371,926,-175,101,270,-202,-209,16,-71,2670,-9629,168,-6896,-0.43349164724349976,0.6196660399436951,0.36814963817596436,-0.5377619862556458
373,949,-140,101,270,-202,-242,28,-99,2670,-9659,148,-6894,-0.43246445059776306,0.6195461750030518,0.3690178096294403,-0.5381321310997009
357,939,-122,101,270,-202,-235,42,-115,2670,-9641,112,-6886,-0.4303606450557709,0.6169680953025818,0.3722367286682129,-0.5405625700950623
315,978,-107,101,270,-202,-224,40,-118,2670,-9615,82,-6922,-0.4308505654335022,0.6133863925933838,0.37660619616508484,-0.5412217378616333
310,969,-96,101,270,-202,-212,16,-89,2670,-9594,61,-6970,-0.4317331910133362,0.609874427318573,0.38069355487823486,-0.541628360748291
306,961,-59,101,270,-202,-179,14,-57,2670,-9552,53,-7001,-0.431022047996521,0.6067525744438171,0.3836698830127716,-0.5435985922813416
299,957,-117,101,273,-195,-149,12,-34,2670,-9508,53,-7029,-0.43244993686676025,0.6044190526008606,0.3859810531139374,-0.5434221029281616
316,946,-117,101,273,-195,-143,11,-9,2670,-9497,78,-7052,-0.43358418345451355,0.604282796382904,0.3848820924758911,-0.5434495806694031
314,950,-105,101,273,-195,-137,26,6,2670,-9436,142,-7045,-0.43484389781951904,0.6030263900756836,0.3842698633670807,-0.544270396232605
320,950,-96,101,273,-195,-130,36,26,2670,-9327,221,-7042,-0.4336402416229248,0.6005141735076904,0.38400575518608093,-0.548184871673584
320,939,-100,101,273,-195,-97,35,34,2670,-9238,270,-7038,-0.43341660499572754,0.5992128252983093,0.38408157229423523,-0.5497256517410278
332,946,-92,101,273,-195,-84,28,49,2670,-9226,295,-7027,-0.4327046871185303,0.5993340015411377,0.3828449249267578,-0.5510180592536926
319,925,-84,104,277,-189,-67,67,64,2670,-9166,320,-7015,-0.4320000410079956,0.5967888236045837,0.38427215814590454,-0.553335964679718
330,949,-66,104,277,-189,-52,65,78,2670,-9088,360,-7010,-0.43056225776672363,0.5947264432907104,0.3844795227050781,-0.5565242171287537
323,944,-95,104,277,-189,-7,78,90,2670,-9032,392,-7008,-0.4312434494495392,0.5945687294006348,0.38400763273239136,-0.5564874410629272
340,936,-78,104,277,-189,12,72,111,2670,-9016,419,-6998,-0.4308663606643677,0.5951855778694153,0.3823533058166504,-0.5572587251663208
267,897,-71,104,277,-189,32,97,149,2670,-9018,434,-6993,-0.432452917098999,0.5947621464729309,0.3827918767929077,-0.5561830997467041
452,968,-154,104,277,-189,79,-3,221,2670,-9011,453,-7002,-0.4321992099285126,0.5967106819152832,0.38027459383010864,-0.5560181140899658
335,898,-58,104,277,-189,29,121,143,2670,-9030,461,-6957,-0.43081900477409363,0.5973348617553711,0.37872347235679626,-0.5574804544448853
428,961,-139,103,279,-193,128,78,174,2670,-9000,470,-6947,-0.43015626072883606,0.5984798073768616,0.37698614597320557,-0.5579365491867065
320,921,-105,103,279,-193,54,147,73,2670,-9021,485,-6920,-0.43112388253211975,0.5991795659065247,0.37613338232040405,-0.5570169687271118
268,908,-75,103,279,-193,141,163,218,2670,-8988,503,-6951,-0.4324257969856262,0.5978565216064453,0.3770979046821594,-0.5567728281021118
394,970,-160,103,279,-193,144,136,208,2670,-9006,517,-6937,-0.4326486587524414,0.6004508137702942,0.3739447593688965,-0.5559341907501221
314,915,7,103,279,-193,129,174,184,2670,-9005,535,-6930,-0.43232282996177673,0.5996399521827698,0.37400898337364197,-0.5570245385169983
409,986,-193,103,279,-193,228,159,160,2670,-8987,557,-6904,-0.4324421286582947,0.6018833518028259,0.37086430191993713,-0.5566088557243347
373,948,-103,103,279,-193,47,149,40,2670,-9002,584,-6888,-0.4328950345516205,0.602550208568573,0.36987996101379395,-0.5561966896057129
291,871,107,102,282,-189,170,231,83,2670,-8952,603,-6894,-0.4326796531677246,0.6002378463745117,0.37061259150505066,-0.5583726763725281
412,905,-30,102,282,-189,392,182,117,2670,-8885,648,-6886,-0.4323701858520508,0.6000230312347412,0.36905965209007263,-0.559863269329071
391,966,-264,102,282,-189,286,116,94,2670,-8872,706,-6874,-0.4347839057445526,0.6020681858062744,0.36595410108566284,-0.5578331351280212
431,968,-90,102,282,-189,197,197,11,2670,-8896,716,-6857,-0.4335119128227234,0.6031329035758972,0.364435076713562,-0.5586723685264587
375,895,-4,102,282,-189,349,281,-56,2670,-8850,736,-6839,-0.4338889420032501,0.6019274592399597,0.36395543813705444,-0.5599853992462158
370,970,-162,102,282,-189,260,118,-71,2670,-8830,794,-6852,-0.4367391765117645,0.6028661131858826,0.36280614137649536,-0.5574999451637268
411,892,-100,102,282,-189,541,289,-100,2670,-8799,825,-6855,-0.43734559416770935,0.6026920676231384,0.36104273796081543,-0.5583574175834656
407,966,-304,102,271,-188,404,212,-177,2670,-8789,893,-6853,-0.44110262393951416,0.6041902899742126,0.358195036649704,-0.5556101202964783
306,948,-11,102,271,-188,95,167,-171,2670,-8766,954,-6884,-0.4436708092689514,0.6024823784828186,0.359266072511673,-0.5547343492507935
440,985,28,102,271,-188,320,175,-173,2670,-8696,994,-6897,-0.4438707232475281,0.6005274653434753,0.35964182019233704,-0.5564476251602173
483,944,-23,102,271,-188,430,192,-331,2670,-8644,1036,-6883,-0.4436592757701874,0.6001685857772827,0.35806652903556824,-0.5580160021781921
369,983,-280,102,271,-188,409,261,-522,2670,-8609,1106,-6885,-0.4479345679283142,0.6008698344230652,0.3560781180858612,-0.5551053881645203
540,869,-134,102,271,-188,388,293,-733,2670,-8568,1175,-6908,-0.44988003373146057,0.600163996219635,0.3549737334251404,-0.5550058484077454
172,938,-151,114,268,-202,314,291,-602,2670,-8487,1276,-6960,-0.4555642604827881,0.5971999168395996,0.356870174407959,-0.5523464679718018
116,839,-283,114,268,-202,339,360,-605,2670,-8436,1351,-6996,-0.46038952469825745,0.5962321162223816,0.35688892006874084,-0.5493680238723755
66,846,-151,114,268,-202,214,51,-323,2670,-8383,1440,-7062,-0.46527525782585144,0.5948013067245483,0.35860586166381836,-0.5456728935241699
311,955,-175,114,268,-202,166,-167,-113,2670,-8354,1496,-7107,-0.4682599604129791,0.5949437022209167,0.35838255286216736,-0.5431051850318909
154,983,-136,114,268,-202,128,-97,33,2670,-8326,1537,-7145,-0.4708860516548157,0.5931629538536072,0.3606497645378113,-0.5412810444831848
160,1034,-195,114,268,-202,86,-131,172,2670,-8315,1556,-7187,-0.47334024310112,0.592715322971344,0.36203083395957947,-0.5387002825737
115,987,-182,114,268,-202,3,-168,395,2670,-8329,1555,-7220,-0.47472283244132996,0.5926719307899475,0.36331436038017273,-0.5366637110710144
281,1002,-170,110,271,-198,-17,-232,556,2670,-8363,1542,-7232,-0.4744453728199005,0.5940878391265869,0.36107325553894043,-0.5368573665618896
321,942,-156,110,271,-198,15,-210,589,2670,-8380,1535,-7157,-0.47037655115127563,0.5974006652832031,0.35643309354782104,-0.5398528575897217
425,884,-192,110,271,-198,82,-176,562,2670,-8463,1469,-7073,-0.4662991762161255,0.601825475692749,0.35164639353752136,-0.541610836982727
449,881,-224,110,271,-198,123,-94,446,2670,-8551,1414,-6998,-0.4634646773338318,0.6061553955078125,0.3468755781650543,-0.5422899723052979
413,885,-207,110,271,-198,126,-55,357,2670,-8625,1378,-6937,-0.46123942732810974,0.6100304126739502,0.3425593078136444,-0.5425854921340942
409,898,-189,110,271,-198,142,-34,307,2670,-8691,1345,-6880,-0.4589354395866394,0.6135534644126892,0.33878400921821594,-0.5429364442825317
384,906,-182,110,271,-198,146,-16,272,2670,-8757,1307,-6839,-0.45750144124031067,0.6162511110305786,0.33689257502555847,-0.5422665476799011
394,910,-165,108,260,-198,136,-23,246,2670,-8825,1256,-6818,-0.45509299635887146,0.6178528666496277,0.33619147539138794,-0.5429111123085022
393,910,-140,108,260,-198,148,-19,200,2670,-8840,1206,-6787,-0.4520401060581207,0.6174759268760681,0.3371756374835968,-0.5452748537063599
395,927,-158,108,260,-198,169,-23,157,2670,-8853,1156,-6767,-0.44948962330818176,0.6175713539123535,0.3384894132614136,-0.5464552044868469
396,911,-179,108,260,-198,181,-40,140,2670,-8911,1103,-6771,-0.44939807057380676,0.6193622946739197,0.33819717168807983,-0.5446808934211731
399,888,-213,108,260,-198,170,-58,130,2670,-8977,1066,-6759,-0.4491124749183655,0.6219382286071777,0.33658692240715027,-0.5429762601852417
388,871,-229,108,260,-198,136,-69,117,2670,-9041,1042,-6746,-0.44907355308532715,0.6246297359466553,0.3346691429615021,-0.5411015748977661
385,877,-251,108,260,-198,84,-58,87,2670,-9101,1020,-6730,-0.44923585653305054,0.6270993947982788,0.33306634426116943,-0.5390950441360474
435,894,-218,110,259,-207,71,-120,45,2670,-9169,985,-6717,-0.44820359349250793,0.6298642754554749,0.33134299516677856,-0.5377917289733887
406,910,-230,110,259,-207,42,-85,-26,2670,-9235,947,-6700,-0.448273241519928,0.6317881345748901,0.330877423286438,-0.5357593894004822
370,899,-198,110,259,-207,22,-106,-35,2670,-9294,901,-6727,-0.4492433965206146,0.6315498948097229,0.33371269702911377,-0.5334669947624207
362,928,-211,110,259,-207,15,-133,-16,2670,-9341,846,-6769,-0.45037832856178284,0.6310804486274719,0.33673807978630066,-0.5311575531959534
334,942,-204,110,259,-207,-13,-133,13,2670,-9389,799,-6811,-0.45174330472946167,0.6300370097160339,0.34010565280914307,-0.5290900468826294
350,936,-204,110,259,-207,-14,-130,46,2670,-9412,757,-6852,-0.4518924951553345,0.6286576390266418,0.34286460280418396,-0.5288233757019043
345,916,-188,113,262,-213,-11,-97,56,2670,-9409,737,-6861,-0.4516957104206085,0.6279335021972656,0.34380367398262024,-0.5292370319366455
368,919,-179,113,262,-213,-17,-86,64,2670,-9384,744,-6843,-0.449167937040329,0.6272929906845093,0.3435865342617035,-0.5322853922843933
384,929,-175,113,262,-213,-3,-91,58,2670,-9358,740,-6805,-0.4461740553379059,0.6277472972869873,0.34254908561706543,-0.5349258184432983
376,912,-187,113,262,-213,10,-54,52,2670,-9363,719,-6793,-0.44559141993522644,0.6280100345611572,0.34293657541275024,-0.534853994846344
378,917,-228,113,262,-213,12,-39,51,2670,-9398,704,-6782,-0.4457665979862213,0.6297722458839417,0.34163960814476013,-0.5334648489952087
385,908,-204,113,262,-213,2,-41,46,2670,-9436,692,-6772,-0.4452124238014221,0.6314994096755981,0.3401705324649811,-0.5328240394592285
404,920,-197,113,262,-213,8,-15,26,2670,-9459,676,-6751,-0.4437865912914276,0.6325253844261169,0.3394052982330322,-0.5332837104797363
385,916,-185,113,256,-209,4,3,17,2670,-9464,652,-6730,-0.44180652499198914,0.6315977573394775,0.3405550718307495,-0.5352954268455505
388,907,-179,113,256,-209,27,4,10,2670,-9441,638,-6732,-0.4407065510749817,0.6310059428215027,0.34119167923927307,-0.5364884734153748
383,919,-200,113,256,-209,18,-16,11,2670,-9459,631,-6729,-0.441297709941864,0.631769061088562,0.3410100042819977,-0.5352185368537903
396,921,-179,113,256,-209,10,-20,5,2670,-9477,621,-6724,-0.4399261474609375,0.6318221688270569,0.3409780263900757,-0.5363056659698486
389,907,-175,113,256,-209,39,-5,-11,2670,-9460,606,-6704,-0.4384625554084778,0.6314859390258789,0.34153756499290466,-0.5375416278839111
397,915,-183,113,256,-209,43,-17,-28,2670,-9480,592,-6702,-0.4378049373626709,0.6321892738342285,0.3411548435688019,-0.5374945998191833
388,912,-192,113,256,-209,56,-17,-40,2670,-9490,570,-6705,-0.438333123922348,0.6321362853050232,0.34209248423576355,-0.5365293622016907
347,927,-211,109,258,-204,54,-15,-37,2670,-9523,554,-6731,-0.440358966588974,0.6320385336875916,0.3436005711555481,-0.5340170860290527
341,924,-202,109,258,-204,43,-16,-11,2670,-9559,535,-6768,-0.4425297975540161,0.6318353414535522,0.3451416492462158,-0.5314629077911377
341,919,-202,109,258,-204,48,-25,14,2670,-9587,518,-6806,-0.4445332884788513,0.6314232349395752,0.34666791558265686,-0.52928227186203
364,927,-215,109,258,-204,43,-32,26,2670,-9614,512,-6822,-0.44542932510375977,0.6325141787528992,0.3457975387573242,-0.5277929306030273
376,917,-190,109,258,-204,30,-26,16,2670,-9608,521,-6796,-0.4430190920829773,0.6327510476112366,0.34458544850349426,-0.5303292870521545
388,916,-202,109,258,-204,46,-13,-2,2670,-9599,519,-6767,-0.44192615151405334,0.6339859366416931,0.3432081639766693,-0.5306543111801147
383,912,-222,109,258,-204,36,-7,-14,2670,-9629,512,-6758,-0.442217081785202,0.6354511380195618,0.34208038449287415,-0.5293862819671631
385,905,-195,111,261,-199,37,2,-29,2670,-9645,505,-6746,-0.4413730204105377,0.6359443068504333,0.3416944444179535,-0.5297471880912781
384,917,-195,111,261,-199,32,7,-38,2670,-9656,491,-6746,-0.4413239061832428,0.6358194351196289,0.3423921465873718,-0.5294876098632812
386,916,-187,111,261,-199,33,5,-46,2670,-9660,475,-6761,-0.44073015451431274,0.6345000267028809,0.3439970910549164,-0.5305266976356506
353,921,-201,111,261,-199,41,5,-44,2670,-9655,468,-6768,-0.44227948784828186,0.6341505646705627,0.34512293338775635,-0.5289192199707031
361,930,-210,111,261,-199,34,-12,-28,2670,-9675,465,-6788,-0.4434829652309418,0.6347103118896484,0.3448326289653778,-0.5274266004562378
359,922,-216,111,261,-199,23,-15,-23,2670,-9697,467,-6795,-0.4447692930698395,0.6354044079780579,0.3444540798664093,-0.5257529020309448
357,904,-212,116,259,-205,3,-19,-5,2670,-9714,469,-6808,-0.44558605551719666,0.6363791227340698,0.34306246042251587,-0.5247920751571655
359,916,-222,116,259,-205,-7,-25,-1,2670,-9690,515,-6787,-0.446003258228302,0.6371393203735352,0.3407174050807953,-0.5250421166419983
373,914,-214,116,259,-205,-12,-24,-6,2670,-9664,556,-6779,-0.4460500180721283,0.6366901993751526,0.339433491230011,-0.5263814926147461
373,923,-189,116,259,-205,-13,-18,-14,2670,-9598,594,-6757,-0.44502347707748413,0.6352025866508484,0.3395656645298004,-0.5289515256881714
368,915,-212,116,259,-205,-6,-17,-17,2670,-9566,616,-6762,-0.44586309790611267,0.6350783705711365,0.33918312191963196,-0.528639018535614
360,914,-212,116,259,-205,-9,-18,-9,2670,-9570,630,-6770,-0.44678986072540283,0.6352701783180237,0.3384990692138672,-0.5280642509460449
365,916,-201,116,259,-205,-16,-18,-7,2670,-9526,665,-6768,-0.447056382894516,0.6336901783943176,0.3388415277004242,-0.5295153856277466
380,917,-209,111,261,-204,-18,-15,-5,2670,-9493,683,-6778,-0.4472959041595459,0.6332839727401733,0.3394196927547455,-0.5294287800788879
357,924,-211,111,261,-204,-23,-17,-6,2670,-9521,659,-6793,-0.4480445384979248,0.6331422924995422,0.34066706895828247,-0.5281620621681213
374,921,-204,111,261,-204,-27,-20,-10,2670,-9545,647,-6793,-0.4475838541984558,0.6336991190910339,0.3404187858104706,-0.5280449986457825
373,916,-185,111,261,-204,-12,2,-22,2673,-9526,633,-6788,-0.445819616317749,0.6317856311798096,0.3424197733402252,-0.5305337905883789
381,912,-195,111,261,-204,-10,-1,-28,2673,-9515,619,-6793,-0.4452691078186035,0.6315816640853882,0.34288713335990906,-0.5309340357780457
367,927,-188,111,261,-204,1,9,-35,2673,-9498,606,-6795,-0.44485023617744446,0.6297026872634888,0.34519872069358826,-0.5320190191268921
350,928,-184,111,261,-204,-3,-6,-25,2673,-9505,599,-6813,-0.4461005926132202,0.6294457912445068,0.3460126221179962,-0.5307452082633972
374,921,-214,108,258,-208,-3,-22,-11,2673,-9517,596,-6826,-0.44655096530914307,0.630420982837677,0.3452889919281006,-0.5296791791915894
376,911,-189,108,258,-208,-20,-26,0,2673,-9547,588,-6822,-0.4458731710910797,0.6313326954841614,0.344490647315979,-0.5296837687492371
367,918,-207,108,258,-208,-4,-21,-14,2673,-9543,574,-6799,-0.4447437822818756,0.6317066550254822,0.3443925976753235,-0.5302508473396301
372,922,-199,108,258,-208,-12,-5,-30,2673,-9572,557,-6803,-0.44512939453125,0.6317003965377808,0.3452272117137909,-0.5293930768966675
354,917,-186,108,258,-208,-1,-2,-26,2673,-9564,540,-6817,-0.4449338912963867,0.629902184009552,0.34753718972206116,-0.5301880836486816
353,926,-204,108,258,-208,6,0,-16,2673,-9569,531,-6842,-0.44618844985961914,0.6301403045654297,0.347711443901062,-0.5287331342697144
357,912,-214,108,258,-208,-1,-6,-4,2673,-9590,535,-6841,-0.44678884744644165,0.6314684748649597,0.3464098274707794,-0.5274946093559265
369,893,-250,107,256,-204,-41,-38,0,2673,-9620,535,-6832,-0.44699594378471375,0.6333653926849365,0.34464356303215027,-0.5262010097503662
407,880,-241,107,256,-204,-81,-32,-24,2673,-9649,532,-6811,-0.4462008476257324,0.6353688836097717,0.3424732983112335,-0.5258777141571045
421,896,-233,107,256,-204,-111,-11,-74,2673,-9672,528,-6782,-0.444975882768631,0.6371646523475647,0.3404318392276764,-0.5260686278343201
401,905,-214,107,256,-204,-127,5,-121,2673,-9692,519,-6760,-0.4437474310398102,0.6380096673965454,0.3398970067501068,-0.5264265537261963
382,928,-175,107,256,-204,-126,17,-149,2673,-9685,491,-6755,-0.44243279099464417,0.6356984376907349,0.34296050667762756,-0.528344988822937
328,954,-148,107,256,-204,-99,2,-132,2673,-9656,469,-6786,-0.4427662193775177,0.6326479911804199,0.34689900279045105,-0.5291556715965271
313,975,-147,107,256,-204,-58,-47,-99,2673,-9637,449,-6827,-0.44360023736953735,0.6298627853393555,0.3508017063140869,-0.5292059779167175
301,960,-155,101,256,-204,-28,-28,-46,2673,-9632,421,-6870,-0.44459351897239685,0.6273350715637207,0.3545958399772644,-0.5288460850715637
304,948,-154,101,256,-204,-2,-27,1,2673,-9630,395,-6914,-0.4457285404205322,0.6248956918716431,0.3581264615058899,-0.5283987522125244
320,938,-179,101,256,-204,11,-33,28,2673,-9627,379,-6959,-0.44748473167419434,0.6233716011047363,0.3600878119468689,-0.5273755192756653
338,928,-211,101,256,-204,13,-21,40,2673,-9625,398,-6964,-0.44825616478919983,0.624653160572052,0.35848164558410645,-0.5262974500656128
354,923,-212,101,256,-204,10,-15,32,2673,-9644,410,-6947,-0.4481525421142578,0.6265999674797058,0.3560485243797302,-0.5257231593132019
359,907,-207,101,256,-204,-3,12,22,2673,-9659,422,-6923,-0.44725579023361206,0.6282631754875183,0.35367199778556824,-0.5261088609695435
375,919,-180,104,260,-207,10,8,11,2673,-9641,436,-6882,-0.44484612345695496,0.6292253136634827,0.3516465723514557,-0.5283523201942444
368,934,-183,104,260,-207,24,18,1,2673,-9623,436,-6852,-0.44304001331329346,0.6287652254104614,0.3521008789539337,-0.5301112532615662
357,925,-164,104,260,-207,32,3,-1,2673,-9613,416,-6862,-0.44214731454849243,0.6267030239105225,0.35453054308891296,-0.5316816568374634
354,918,-166,104,260,-207,56,3,-2,2673,-9575,406,-6865,-0.4409923255443573,0.6252204775810242,0.35601678490638733,-0.5333855152130127
358,923,-202,104,260,-207,58,-3,1,2673,-9588,402,-6865,-0.4419724643230438,0.6263507008552551,0.35526618361473083,-0.5317460894584656
364,921,-197,104,260,-207,45,-17,10,2673,-9620,398,-6866,-0.4426807165145874,0.6278819441795349,0.3540121614933014,-0.5301855206489563
362,913,-221,104,260,-207,42,-14,10,2673,-9654,395,-6860,-0.4432993531227112,0.6295971274375916,0.3525562584400177,-0.5286023616790771
362,921,-234,108,263,-204,18,-15,9,2673,-9686,396,-6853,-0.44392263889312744,0.6313229203224182,0.3508904278278351,-0.5271275043487549
362,920,-234,108,263,-204,-1,-2,3,2673,-9715,398,-6848,-0.4446679949760437,0.6328239440917969,0.34947293996810913,-0.5256386399269104
359,924,-231,108,263,-204,-22,-16,-4,2673,-9743,399,-6846,-0.445549875497818,0.6340102553367615,0.34848475456237793,-0.5241157412528992
348,924,-188,108,263,-204,-36,20,-3,2673,-9760,399,-6859,-0.44618964195251465,0.6326920986175537,0.3498499095439911,-0.5242612361907959
336,937,-164,108,263,-204,-20,36,5,2673,-9703,407,-6874,-0.44598162174224854,0.6298427581787109,0.35240086913108826,-0.5261569619178772
329,950,-168,108,263,-204,1,48,19,2673,-9650,420,-6901,-0.4465608596801758,0.6267663240432739,0.3549843728542328,-0.5276005268096924
329,933,-189,108,263,-204,17,59,35,2673,-9579,449,-6913,-0.4469432532787323,0.625005304813385,0.35561826825141907,-0.5289317965507507
342,926,-204,103,258,-207,16,58,60,2673,-9577,471,-6928,-0.44827255606651306,0.6258230805397034,0.3546871542930603,-0.5274631381034851
358,914,-201,103,258,-207,-3,49,76,2673,-9586,488,-6916,-0.44814810156822205,0.6272900104522705,0.35257408022880554,-0.5272429585456848
