-64,933,359,129,281,137,1,8,3,3182,338,6865,1182,0.5633168816566467,0.08364395052194595,0.06720016896724701,0.817182719707489
-51,921,347,129,281,137,8,7,5,3182,346,6852,1162,0.5630061030387878,0.08088099956512451,0.0671183168888092,0.8176835179328918
-59,921,381,129,281,137,-1,10,0,3182,339,6850,1151,0.5615142583847046,0.08070690929889679,0.06646084785461426,0.8187808990478516
-53,916,367,136,279,143,17,14,6,3182,336,6811,1151,0.5586493015289307,0.08044098317623138,0.0669112503528595,0.8207277655601501
-59,929,360,136,279,143,27,5,4,3182,327,6794,1150,0.5588364005088806,0.07956685870885849,0.06743400543928146,0.8206406235694885
-51,921,360,136,279,143,32,17,5,3182,342,6788,1150,0.5583248138427734,0.08103148639202118,0.06640496850013733,0.8209295272827148
-72,924,340,136,279,143,34,16,11,3182,360,6803,1152,0.5601813197135925,0.08312675356864929,0.06519900262355804,0.8195486664772034
-46,943,340,136,279,143,18,8,8,3182,365,6836,1157,0.5625810623168945,0.08293645828962326,0.0661371573805809,0.817846953868866
-67,941,344,136,279,143,3,15,4,3182,351,6857,1176,0.5635623931884766,0.083720862865448,0.06772566586732864,0.8169611692428589
-57,936,348,135,290,147,3,5,5,3182,341,6852,1192,0.56293123960495,0.08392892777919769,0.06920081377029419,0.8172509670257568
-62,916,354,135,290,147,-1,5,-1,3182,332,6846,1208,0.5608872175216675,0.08382482081651688,0.07054311037063599,0.8185555338859558
-52,914,367,135,290,147,-3,2,-6,3182,331,6819,1210,0.5590092539787292,0.08339852094650269,0.07073188573122025,0.8198655247688293
-49,911,369,135,290,147,6,5,-1,3182,338,6778,1199,0.5570850968360901,0.08173873275518417,0.06977859884500504,0.8214201331138611
-49,917,376,135,290,147,15,17,0,3182,335,6777,1180,0.5572212934494019,0.08132763206958771,0.06893280893564224,0.8214391469955444
-65,922,372,135,290,147,22,17,9,3182,335,6771,1157,0.5571420788764954,0.08110859990119934,0.06671401113271713,0.8216975927352905
-51,923,366,135,290,147,31,15,11,3182,349,6794,1152,0.5588124394416809,0.08069628477096558,0.06679707020521164,0.8205965757369995
-55,934,353,135,280,145,28,13,9,3182,332,6814,1160,0.5604926347732544,0.08163513988256454,0.06783586740493774,0.819271445274353
-69,935,352,135,280,145,19,10,3,3182,343,6834,1181,0.5608786940574646,0.08435529470443726,0.06779833137989044,0.8187368512153625
-75,931,355,135,280,145,14,11,14,3182,386,6830,1193,0.560271680355072,0.0872986912727356,0.06739342212677002,0.8188779950141907
-59,916,349,135,280,145,13,3,15,3182,381,6808,1204,0.5597791075706482,0.08560333400964737,0.06941529363393784,0.8192248344421387
-48,926,337,135,280,145,-1,-6,3,3182,346,6826,1215,0.5610140562057495,0.08372655510902405,0.07158522307872772,0.8183867335319519
-49,924,365,135,280,145,2,-5,2,3182,325,6808,1221,0.5582094192504883,0.08265083283185959,0.07278577238321304,0.8203072547912598
-63,920,362,135,280,145,20,4,0,3182,337,6778,1220,0.5567733645439148,0.08433854579925537,0.07122238725423813,0.821247935295105
-66,928,362,136,281,142,16,11,5,3182,349,6792,1213,0.5592349767684937,0.08440405130386353,0.07026288658380508,0.8196459412574768
-55,928,358,136,281,142,18,11,8,3182,332,6818,1199,0.5609534382820129,0.08210448175668716,0.07034818828105927,0.8186975121498108
-60,930,349,136,281,142,19,11,5,3182,329,6843,1195,0.56255704164505,0.08322227001190186,0.06949024647474289,0.8175564408302307
-64,939,350,136,281,142,9,15,13,3182,352,6858,1198,0.5636221170425415,0.08542443811893463,0.06849317252635956,0.8166794776916504
-53,935,368,136,281,142,5,3,16,3182,354,6862,1206,0.5624665021896362,0.08406832814216614,0.07004845887422562,0.8174879550933838
-56,920,354,136,281,142,10,0,8,3182,330,6835,1204,0.5606550574302673,0.08313671499490738,0.06972053647041321,0.818852961063385
-62,912,370,136,281,142,8,8,6,3182,323,6820,1191,0.5591417551040649,0.08204185217618942,0.06952317804098129,0.8200162053108215
-47,910,372,137,287,143,18,2,9,3182,321,6802,1174,0.5590642690658569,0.08004824817180634,0.06882935762405396,0.8203206658363342
-36,922,362,137,287,143,20,4,7,3182,303,6803,1151,0.5597201585769653,0.07675762474536896,0.06890977174043655,0.8201819062232971
-50,920,347,137,287,143,21,14,1,3182,273,6831,1144,0.5615414381027222,0.07673615962266922,0.06846097111701965,0.8189756870269775
-64,925,350,137,287,143,19,12,9,3182,310,6847,1143,0.5620590448379517,0.07995118945837021,0.0662439689040184,0.8184966444969177
-61,942,362,137,287,143,17,18,12,3182,351,6833,1142,0.5611242651939392,0.08117517828941345,0.0649598017334938,0.8191218376159668
-64,928,353,137,287,143,19,15,12,3182,335,6833,1134,0.5621426701545715,0.08037688583135605,0.06491632759571075,0.8185015320777893
-55,914,346,127,277,145,14,3,5,3182,330,6845,1134,0.5611358284950256,0.0802772119641304,0.06579944491386414,0.8191354274749756
-45,909,357,127,277,145,18,5,10,3182,342,6805,1147,0.5582371950149536,0.0808958038687706,0.06667249649763107,0.8209825158119202
-58,917,344,127,277,145,25,2,2,3182,344,6779,1166,0.5580989718437195,0.08255484700202942,0.0680001825094223,0.8207983374595642
-49,934,336,127,277,145,13,1,0,3182,349,6796,1190,0.5588644742965698,0.08364158868789673,0.06995265185832977,0.8200047016143799
-35,936,344,127,277,145,8,2,-9,3182,341,6802,1216,0.5590036511421204,0.08327899873256683,0.07241291552782059,0.8197341561317444
-54,936,363,127,277,145,3,11,-11,3182,322,6798,1239,0.5582902431488037,0.08425649255514145,0.0742935985326767,0.8199493288993835
-57,931,365,127,277,145,11,17,0,3182,311,6796,1264,0.5569828748703003,0.08487122505903244,0.07619105279445648,0.8206046223640442
-69,934,348,134,279,144,11,12,-7,3182,321,6797,1270,0.5591326951980591,0.08597704023122787,0.07546544820070267,0.8190897703170776
-65,924,335,134,279,144,1,13,1,3182,349,6820,1269,0.5607250332832336,0.08825337886810303,0.07390839606523514,0.817900538444519
-50,920,353,134,279,144,-7,8,3,3182,385,6811,1269,0.5601242184638977,0.08850917965173721,0.0736609622836113,0.8183068633079529
-60,920,359,134,279,144,-3,9,1,3182,355,6799,1266,0.5584183931350708,0.08714603632688522,0.07386267930269241,0.8196032047271729
-46,921,385,134,279,144,3,11,-2,3182,340,6784,1257,0.5565400123596191,0.08505133539438248,0.0745491236448288,0.8210374116897583
-48,929,374,134,279,144,20,8,3,3182,307,6767,1247,0.5560943484306335,0.08141496032476425,0.07532130926847458,0.8216367959976196
-51,926,360,134,279,144,36,7,-5,3182,279,6776,1229,0.5571354627609253,0.08102259039878845,0.07456402480602264,0.821037232875824
-72,930,343,139,279,146,32,21,4,3182,314,6794,1228,0.5589392185211182,0.08362162858247757,0.07285149395465851,0.8197019696235657
-61,933,335,139,279,146,24,11,12,3182,349,6812,1231,0.5606635212898254,0.08592402189970016,0.07169613242149353,0.8183869123458862
-64,930,329,139,279,146,12,9,10,3182,358,6845,1238,0.5627928376197815,0.08690041303634644,0.07211755216121674,0.8167837858200073
-57,917,347,139,279,146,-4,8,9,3182,350,6857,1260,0.5615453124046326,0.08740325272083282,0.07397583872079849,0.8174261450767517
-55,921,373,139,279,146,-2,10,9,3182,353,6814,1268,0.5586645007133484,0.08702076971530914,0.07462025433778763,0.8193801045417786
-49,939,371,139,279,146,14,8,8,3182,336,6779,1264,0.5576465725898743,0.0844530388712883,0.07576994597911835,0.8202337026596069
-43,927,353,139,279,146,12,12,1,3182,290,6796,1259,0.5589410066604614,0.08253872394561768,0.07654029130935669,0.8194741606712341
-56,936,360,137,285,143,11,7,-6,3182,298,6828,1251,0.561216413974762,0.08339069783687592,0.0747862309217453,0.8179935812950134
-73,927,333,137,285,143,10,9,-4,3182,328,6849,1244,0.56303870677948,0.08545900881290436,0.07294666767120361,0.8166926503181458
-69,923,335,137,285,143,-5,5,1,3182,355,6873,1242,0.5642518401145935,0.0872788354754448,0.07150401920080185,0.8157889246940613
-68,915,364,137,285,143,-5,6,8,3182,361,6853,1238,0.5615246891975403,0.0867733582854271,0.07116332650184631,0.8177571892738342
-51,925,373,137,285,143,1,5,10,3182,345,6821,1226,0.5597952008247375,0.08359433710575104,0.07204370200634003,0.8191945552825928
-40,928,368,137,285,143,6,6,4,3182,306,6818,1206,0.5593509674072266,0.08025413751602173,0.0720425397157669,0.8198327422142029
-58,923,368,143,281,144,13,13,-1,3182,289,6798,1182,0.5581949949264526,0.07859402894973755,0.07095950096845627,0.8208732604980469
-57,923,363,143,281,144,17,12,10,3182,315,6799,1171,0.5593617558479309,0.0800248458981514,0.06878752261400223,0.8201236724853516
-53,934,337,143,281,144,14,5,9,3182,322,6828,1167,0.561828076839447,0.08056771010160446,0.06848830729722977,0.8184077143669128
-48,932,327,143,281,144,1,3,5,3182,325,6845,1176,0.5626406073570251,0.08189617842435837,0.0684840977191925,0.8177187442779541
-51,928,355,143,281,144,-6,-3,4,3182,343,6861,1185,0.5630969405174255,0.08250214904546738,0.06918053328990936,0.8172840476036072
-51,925,346,143,281,144,-15,1,1,3182,341,6844,1192,0.5628162026405334,0.08255664259195328,0.06978550553321838,0.8174207210540771
-60,911,360,143,281,144,-18,7,-10,3182,337,6832,1195,0.5602539777755737,0.08387094736099243,0.06891387701034546,0.8191215991973877
-52,924,385,137,286,142,-17,1,-12,3182,361,6810,1184,0.5594069361686707,0.08268211781978607,0.0678480714559555,0.8199090957641602
-45,920,355,137,286,142,-11,-8,-13,3182,336,6803,1160,0.5596619248390198,0.07965909689664841,0.06756574660539627,0.8200578093528748
-65,913,367,137,286,142,-4,4,-11,3182,326,6799,1143,0.5581938028335571,0.07954706251621246,0.06576771289110184,0.8212168216705322
-53,917,369,137,286,142,9,3,-1,3182,337,6769,1117,0.5577093362808228,0.07808887213468552,0.0637594610452652,0.8218402862548828
-64,915,365,137,286,142,15,4,-1,3182,341,6797,1098,0.5592471361160278,0.07835789769887924,0.06201931834220886,0.8209024667739868
-46,931,358,137,286,142,22,-4,1,3182,328,6815,1085,0.5604933500289917,0.07602103054523468,0.06236704811453819,0.8202446103096008
-46,930,348,137,286,142,15,-11,-12,3182,305,6835,1079,0.562138557434082,0.07496233284473419,0.0632510557770729,0.8191476464271545
-73,922,359,136,284,145,10,3,-11,3182,327,6828,1086,0.5602957010269165,0.07828224450349808,0.06168067082762718,0.8202224373817444
-70,930,357,136,284,145,14,5,1,3182,366,6801,1093,0.5587084889411926,0.08119789510965347,0.06096949055790901,0.8210741281509399
-49,925,358,136,284,145,13,-2,6,3182,355,6801,1104,0.5595878958702087,0.07851579785346985,0.06351453810930252,0.8205410242080688
-55,924,374,136,284,145,16,6,1,3182,329,6784,1111,0.5577451586723328,0.07808160036802292,0.06428876519203186,0.821774959564209
-58,928,354,136,284,145,23,2,6,3182,334,6772,1110,0.5577880144119263,0.0790078341960907,0.06358179450035095,0.8217131495475769
-62,928,362,136,284,145,22,11,10,3182,368,6774,1111,0.5582392811775208,0.08039739727973938,0.06275999546051025,0.8213347792625427
-41,930,368,136,284,145,22,0,6,3182,338,6796,1114,0.5587571263313293,0.07739607244729996,0.06487471610307693,0.8211086392402649
-52,935,358,137,278,137,26,-2,-7,3182,322,6812,1101,0.5608392953872681,0.07733391225337982,0.06319877505302429,0.8198225498199463
-54,929,357,137,278,137,32,-11,-2,3182,343,6836,1090,0.5626879334449768,0.07757899165153503,0.06183489039540291,0.8186355233192444
-48,926,353,137,278,137,21,-13,-8,3182,327,6862,1084,0.5631042718887329,0.0769352838397026,0.06193950027227402,0.8184046149253845
-50,915,364,137,278,137,17,-15,-7,3182,354,6837,1078,0.5616745352745056,0.07713974267244339,0.06089537963271141,0.8194445967674255
-49,923,362,137,278,137,20,-26,-22,3182,310,6838,1069,0.5611890554428101,0.07353322207927704,0.06219082325696945,0.8200117945671082
-47,927,372,137,278,137,22,-18,-32,3182,294,6819,1051,0.5595952868461609,0.0727001279592514,0.06059025228023529,0.821293830871582
-58,921,371,142,277,146,31,-6,-27,3182,311,6809,1035,0.5587365031242371,0.07348790019750595,0.060054656118154526,0.8218490481376648
-64,931,363,142,277,146,33,-4,-18,3182,328,6772,1052,0.557215690612793,0.07652667909860611,0.05984218046069145,0.8226165175437927
-70,921,346,142,277,146,30,3,-10,3182,368,6775,1068,0.5577819347381592,0.08011788129806519,0.058998674154281616,0.8219525218009949
-39,921,332,142,277,146,24,8,-2,3182,383,6779,1085,0.5581404566764832,0.07968956232070923,0.060679152607917786,0.8216302990913391
-50,910,381,142,277,146,46,19,-61,3182,344,6776,1088,0.5563439130783081,0.0783841460943222,0.06212608143687248,0.8228651285171509
-90,909,373,142,277,146,51,6,-36,3182,377,6745,1092,0.554933488368988,0.0818198174238205,0.059963375329971313,0.8236421942710876
-76,924,372,142,277,146,62,-14,3,3182,425,6725,1092,0.5545886158943176,0.08418560773134232,0.05837811529636383,0.8237472176551819
-46,929,353,136,280,139,65,-14,5,3182,410,6747,1091,0.5567460060119629,0.08159822225570679,0.0595872700214386,0.8224660754203796
-44,922,340,136,280,139,65,-10,-8,3182,380,6785,1084,0.559389591217041,0.07956597208976746,0.06024906411767006,0.8208211660385132
-52,923,363,136,280,139,65,-8,-27,3182,344,6818,1080,0.5603887438774109,0.07618290930986404,0.061764832586050034,0.8203492164611816
-44,920,372,136,280,139,77,9,-35,3182,321,6806,1070,0.5588713884353638,0.07447027415037155,0.061967022716999054,0.821527361869812
-41,918,374,136,280,139,88,20,-49,3182,290,6808,1061,0.559299111366272,0.073234923183918,0.06203041225671768,0.8213398456573486
-52,922,365,136,280,139,83,46,-39,3182,314,6819,1057,0.5593417286872864,0.0745672658085823,0.06070170924067497,0.8212929368019104
-42,916,378,136,280,139,111,27,-52,3182,306,6798,1052,0.5582285523414612,0.07265254110097885,0.06141073629260063,0.8221687078475952
-64,914,360,134,278,150,112,35,-61,3182,301,6783,1055,0.5568915009498596,0.07427189499139786,0.061680495738983154,0.8229103684425354
-59,910,385,134,278,150,127,48,-52,3182,325,6749,1067,0.5545245409011841,0.07596457749605179,0.0616208016872406,0.8243576884269714
-66,913,371,134,278,150,158,56,-41,3182,345,6716,1077,0.5523769855499268,0.07834839820861816,0.06134004145860672,0.8255959153175354
-58,919,364,134,278,150,169,56,-38,3182,370,6715,1098,0.5534191727638245,0.08116753399372101,0.06265410780906677,0.8245229125022888
-48,930,351,134,278,150,189,57,-44,3182,368,6724,1128,0.5550044775009155,0.08111149072647095,0.06482365727424622,0.8232941031455994
-43,924,327,134,278,150,186,54,-64,3182,348,6770,1142,0.5578373074531555,0.0807420015335083,0.06673837453126907,0.8212612271308899
-69,916,363,134,278,150,189,74,-73,3182,363,6776,1166,0.557270884513855,0.08442281186580658,0.06601359695196152,0.821334183216095
-42,907,373,133,284,143,205,57,-60,3182,393,6777,1160,0.5576503276824951,0.08369869738817215,0.06544530391693115,0.8211984634399414
-9,926,362,133,284,143,231,44,-94,3182,350,6792,1156,0.5590013861656189,0.08050533384084702,0.06729994714260101,0.8204482197761536
-47,951,334,133,284,143,258,62,-137,3182,308,6821,1155,0.5617817640304565,0.07897315919399261,0.06826239824295044,0.8186139464378357
-76,950,326,133,284,143,250,71,-172,3182,318,6870,1158,0.5650132894515991,0.08137761056423187,0.06684646755456924,0.8162680268287659
-80,973,293,133,284,143,253,55,-158,3182,364,6904,1163,0.567916214466095,0.08466605097055435,0.06497106701135635,0.8140674233436584
-110,965,275,133,284,143,202,32,-150,3182,395,6947,1166,0.5706333518028259,0.08782694488763809,0.06311243027448654,0.8119767308235168
-85,959,285,128,289,135,182,3,-132,3182,437,6975,1175,0.5731421113014221,0.09075243026018143,0.06150259077548981,0.8100083470344543
-67,950,309,128,289,135,165,-17,-130,3182,464,7011,1177,0.5754806399345398,0.09233242273330688,0.06110423803329468,0.8081995844841003
-81,942,342,128,289,135,180,-8,-145,3182,454,7010,1181,0.5736185312271118,0.0920993983745575,0.06106166914105415,0.8095563054084778
-108,946,319,128,289,135,205,6,-148,3182,499,6991,1180,0.5736173987388611,0.09635890275239944,0.05802662670612335,0.8092824816703796
-69,936,321,128,289,135,205,21,-129,3182,532,6996,1182,0.5738552808761597,0.09618476033210754,0.05849647521972656,0.8091022968292236
-119,945,317,128,289,135,215,46,-124,3182,553,6998,1185,0.5748021006584167,0.1002630814909935,0.05588645115494728,0.808115541934967
-90,928,306,128,289,135,212,27,-111,3182,574,7024,1193,0.5758824348449707,0.10074399411678314,0.05683312937617302,0.8072241544723511
-96,943,360,130,298,129,231,47,-97,3182,582,7006,1193,0.5743957161903381,0.10066947340965271,0.05548907071352005,0.8083853721618652
-91,897,333,130,298,129,309,51,-101,3182,572,6993,1176,0.5748059749603271,0.09917544573545456,0.054568223655223846,0.8083369731903076
-105,950,270,130,298,129,312,68,-79,3182,581,7039,1166,0.5788147449493408,0.10022179037332535,0.05340048670768738,0.805419921875
-147,954,334,130,298,129,327,154,-44,3180,578,7059,1158,0.5789187550544739,0.10114767402410507,0.05202199146151543,0.8053219318389893
-118,934,193,130,298,129,371,98,5,3180,623,7087,1164,0.5825193524360657,0.10341044515371323,0.05102244019508362,0.802495002746582
-130,1019,315,130,298,129,272,129,17,3180,628,7145,1172,0.5847164392471313,0.10520511120557785,0.05043144151568413,0.8007035255432129
-126,965,221,130,298,129,337,129,77,3180,663,7151,1183,0.5869998931884766,0.10766560584306717,0.049844540655612946,0.7987357378005981
-161,952,319,123,308,128,302,186,139,3180,693,7179,1194,0.5873135924339294,0.11118576675653458,0.04835246875882149,0.7981175184249878
-51,928,156,123,308,128,218,72,153,3180,702,7211,1212,0.5911723971366882,0.11099209636449814,0.050107091665267944,0.7951791882514954
-69,949,196,123,308,128,137,145,137,3180,677,7262,1229,0.5943983793258667,0.11072957515716553,0.05205425247550011,0.7926814556121826
-183,1039,403,123,308,128,78,141,121,3180,675,7278,1248,0.5933432579040527,0.11236850172281265,0.05260234698653221,0.7932092547416687
-147,813,61,123,308,128,448,539,637,3180,692,7257,1271,0.5947694778442383,0.1139727309346199,0.05518577620387077,0.7917316555976868
-199,1084,358,123,308,128,-27,206,125,3180,641,7318,1287,0.5957326292991638,0.11279424279928207,0.056714653968811035,0.7910714745521545
-91,902,213,123,308,128,108,297,435,3180,661,7284,1316,0.5957371592521667,0.11397992074489594,0.05926799029111862,0.790706992149353
-322,1035,154,132,295,123,-13,73,407,3180,653,7315,1331,0.597010612487793,0.11557799577713013,0.059284768998622894,0.789513111114502
-86,920,187,132,295,123,-165,-31,558,3180,645,7340,1358,0.5988296866416931,0.11523867398500443,0.062028732150793076,0.7879722118377686
-143,1013,196,132,295,123,-260,-23,641,3180,637,7354,1371,0.5988733768463135,0.11456482112407684,0.06399679183959961,0.7878831624984741
-202,942,229,132,295,123,-257,-17,561,3180,582,7339,1379,0.5968382358551025,0.11237072944641113,0.06640128046274185,0.7895431518554688
25,865,429,132,295,123,-298,-144,507,3180,530,7311,1379,0.5941727757453918,0.1070173904299736,0.07012554258108139,0.7919719815254211
93,874,334,132,295,123,-293,-236,465,3180,483,7299,1375,0.5935632586479187,0.10266906023025513,0.07274024933576584,0.7927675247192383
45,983,322,148,290,126,-256,-198,334,3180,406,7287,1368,0.5923041105270386,0.09716617316007614,0.0761333629488945,0.7940834760665894
32,967,344,148,290,126,-318,-145,277,3180,347,7286,1364,0.5915546417236328,0.09299536049365997,0.07886408269405365,0.794874370098114
-135,928,129,148,290,126,-126,68,221,3180,305,7261,1363,0.5912763476371765,0.09212511777877808,0.07998144626617432,0.7950676083564758
23,890,285,148,290,126,-292,29,299,3180,281,7274,1365,0.5905601978302002,0.08852441608905792,0.08284009248018265,0.7957190871238708
5,1023,373,148,290,126,-236,49,252,3180,216,7257,1366,0.5883772969245911,0.08473988622426987,0.08571496605873108,0.7974428534507751
-49,942,269,148,290,126,-96,-46,215,3180,208,7226,1362,0.588266909122467,0.08423410356044769,0.0853322371840477,0.7976148724555969
60,944,310,148,290,126,-143,-106,190,3180,167,7256,1357,0.5893793702125549,0.08111284673213959,0.08707733452320099,0.7969282865524292
52,845,68,140,287,122,-259,-132,202,3180,152,7260,1349,0.5900137424468994,0.07952312380075455,0.08730009943246841,0.7965946793556213
14,843,821,140,287,122,-422,-408,6,3180,125,7244,1333,0.5866423845291138,0.0766306146979332,0.08697487413883209,0.7994028925895691
182,1024,124,140,287,122,-61,-333,-46,3180,97,7218,1315,0.5870471596717834,0.07305341213941574,0.08758319914340973,0.7993707060813904
94,786,254,140,287,122,-127,-144,-75,3180,71,7206,1293,0.585774302482605,0.07015936076641083,0.08779290318489075,0.8005393743515015
-116,961,470,140,287,122,-210,-110,-216,3180,48,7202,1270,0.583628237247467,0.06916811317205429,0.08595701307058334,0.8023938536643982
-48,985,365,140,287,122,-156,-242,-214,3180,62,7182,1247,0.5826250910758972,0.06892486661672592,0.08364254981279373,0.8033878803253174
101,959,184,140,287,122,3,-148,-61,3180,72,7152,1234,0.5829305648803711,0.06745954602956772,0.08361517637968063,0.8032894730567932
82,1039,165,140,287,122,-210,-200,-189,3180,59,7186,1222,0.5847893357276917,0.06625068187713623,0.082870714366436,0.8021153211593628
-114,967,425,140,287,122,-210,23,-129,3180,87,7165,1209,0.5816876888275146,0.06889113038778305,0.08013690263032913,0.8044265508651733
-4,950,205,140,287,122,-123,-152,-63,3180,122,7144,1198,0.5826756358146667,0.06940100342035294,0.0782834067940712,0.8038461208343506
4,1033,183,140,287,122,-450,-177,-254,3180,113,7167,1182,0.5833451747894287,0.06913597136735916,0.07673516124486923,0.8035333752632141
-252,1030,280,140,287,122,-429,-32,-160,3180,163,7144,1172,0.5817111134529114,0.07288547605276108,0.0734095424413681,0.8046970367431641
-186,1120,201,140,287,122,-465,-52,76,3180,208,7127,1169,0.581304132938385,0.07481218874454498,0.07178185880184174,0.8049601316452026
-215,1326,94,140,287,122,-545,41,276,3180,224,7123,1172,0.5810595154762268,0.07571110874414444,0.0719389021396637,0.805038571357727
-233,1260,-13,147,279,143,-804,-296,430,3180,222,7114,1176,0.5800079107284546,0.07484622299671173,0.07239177823066711,0.8058367967605591
14,1174,187,147,279,143,-1231,-516,469,3180,198,7089,1173,0.5773702263832092,0.07178060710430145,0.07353189587593079,0.8079038262367249
-30,919,382,147,279,143,-1256,-698,463,3180,176,7017,1150,0.5700456500053406,0.06822964549064636,0.07355299592018127,0.8133962154388428
5,777,517,147,279,143,-1208,-709,493,3180,133,6900,1123,0.5617809295654297,0.0626290813088417,0.07444719970226288,0.8194928765296936
64,675,720,147,279,143,-1038,-629,503,3180,75,6795,1090,0.5543217062950134,0.056322768330574036,0.07564710080623627,0.824902355670929
204,577,665,147,279,143,-786,-332,410,3180,14,6709,1064,0.5482906699180603,0.05075589567422867,0.07755421102046967,0.8291066288948059
108,618,732,158,264,149,-519,-383,375,3180,-30,6633,1045,0.5430758595466614,0.04629403352737427,0.07860308885574341,0.8326934576034546
203,694,643,158,264,149,-409,-239,326,3180,-76,6574,1046,0.5386678576469421,0.04256599023938179,0.08100344985723495,0.8355205059051514
184,799,508,158,264,149,-263,-121,111,3180,-117,6524,1043,0.5351025462150574,0.03934607654809952,0.08267558366060257,0.837802529335022
59,823,452,158,264,149,-160,-27,81,3180,-148,6481,1037,0.5322622060775757,0.03619653359055519,0.08393502235412598,0.8396249413490295
82,893,405,158,264,149,-201,-51,28,3180,-195,6481,1027,0.5332264304161072,0.032524947077035904,0.08514098823070526,0.83903968334198
22,908,421,158,264,149,-190,-45,16,3180,-227,6487,1007,0.5337262153625488,0.030718378722667694,0.08428480476140976,0.838875949382782
20,907,424,158,264,149,-196,-105,23,3180,-221,6508,994,0.53525310754776,0.030762674286961555,0.0827161893248558,0.838057279586792
47,889,455,162,260,155,-209,-103,45,3180,-220,6486,978,0.5317270159721375,0.028999002650380135,0.08268618583679199,0.8403685092926025
48,861,471,162,260,155,-190,-98,47,3180,-237,6436,975,0.527935802936554,0.02746368572115898,0.08309680223464966,0.8427665829658508
47,835,495,162,260,155,-158,-80,65,3180,-246,6385,970,0.5242315530776978,0.02623988315463066,0.08327590674161911,0.8450969457626343
68,828,524,162,260,155,-120,-65,72,3180,-257,6338,965,0.5207907557487488,0.024611255154013634,0.08369593322277069,0.8472291231155396
80,825,537,162,260,155,-56,-38,79,3180,-276,6296,961,0.517749011516571,0.02266194485127926,0.0844394862651825,0.8490720391273499
60,839,511,162,260,155,8,-18,66,3180,-295,6259,957,0.5150800943374634,0.020651597529649734,0.08477168530225754,0.8507116436958313
69,853,513,162,260,155,34,15,49,3180,-322,6233,942,0.5132825374603271,0.017345760017633438,0.08492567390203476,0.851855456829071
66,863,483,162,260,155,66,58,49,3180,-354,6225,916,0.5144178867340088,0.014413205906748772,0.08391482383012772,0.8513219952583313
57,896,442,162,260,155,68,82,35,3180,-354,6263,902,0.517479658126831,0.014945005066692829,0.08307237178087234,0.8495379090309143
54,916,419,162,260,155,54,101,12,3180,-348,6303,899,0.5204892754554749,0.01565147191286087,0.08256339281797409,0.8477343320846558
32,918,427,162,260,155,23,96,9,3180,-335,6341,899,0.5231899619102478,0.01725623942911625,0.08167771995067596,0.846125066280365
26,922,413,162,260,155,4,85,6,3180,-309,6371,899,0.5255728363990784,0.0194515623152256,0.08053353428840637,0.8447090983390808
47,922,423,162,260,155,-35,37,11,3180,-293,6403,900,0.5280358791351318,0.020492885261774063,0.07994318008422852,0.8432029485702515
18,908,465,162,260,155,-48,19,14,3180,-263,6400,902,0.5261708498001099,0.023576442152261734,0.07826167345046997,0.8444485068321228
0,891,462,160,257,155,-21,-1,61,3180,-223,6367,904,0.5241421461105347,0.026389077305793762,0.07662857323884964,0.8457756042480469
41,890,452,160,257,155,-16,-42,82,3180,-187,6349,896,0.5233141779899597,0.026260560378432274,0.07545638084411621,0.8463979363441467
49,868,472,160,257,155,-9,-27,97,3180,-216,6323,887,0.5206620097160339,0.02368319220840931,0.07624340057373047,0.8480375409126282
70,864,475,160,257,155,6,-37,88,3180,-261,6311,880,0.5198871493339539,0.01945130154490471,0.07808651030063629,0.8484522700309753
98,860,489,160,257,155,19,-22,60,3180,-308,6294,876,0.5183250904083252,0.01572388969361782,0.07996062189340591,0.8493102192878723
88,859,482,160,257,155,53,15,22,3180,-348,6274,872,0.5168147087097168,0.012313942424952984,0.0814933329820633,0.8501404523849487
68,871,463,161,259,159,70,39,-23,3180,-393,6282,863,0.5173824429512024,0.00975668802857399,0.0816427543759346,0.8498136401176453
60,888,449,161,259,159,57,66,-40,3180,-374,6295,854,0.5198215842247009,0.0120516587048769,0.08016565442085266,0.8484328389167786
41,904,441,161,259,159,52,88,-44,3180,-341,6324,855,0.5221439599990845,0.01490821409970522,0.07880622148513794,0.8470873832702637
66,933,413,161,259,159,33,53,-58,3180,-321,6359,858,0.5249994993209839,0.015978101640939713,0.07846508920192719,0.8453327417373657
59,910,420,161,259,159,-15,44,-79,3180,-312,6395,861,0.5275601148605347,0.01721241883933544,0.07828368991613388,0.843729555606842
37,886,449,161,259,159,-48,25,-90,3180,-286,6406,872,0.5261783003807068,0.020079171285033226,0.07771384716033936,0.8445854187011719
35,872,500,161,259,159,-34,37,-68,3180,-264,6361,879,0.5230147838592529,0.02136898599565029,0.07722197473049164,0.8465615510940552
41,876,476,159,260,157,6,60,-35,3180,-241,6320,882,0.5205931067466736,0.02334732562303543,0.07590717822313309,0.8481178283691406
43,903,451,159,260,157,20,81,-21,3180,-218,6319,873,0.5225127339363098,0.02428305894136429,0.07453408092260361,0.8470300436019897
21,899,437,159,260,157,11,79,-12,3180,-201,6352,873,0.5249384641647339,0.026334768161177635,0.07355894148349762,0.8455526828765869
5,910,450,159,260,157,-1,56,-1,3180,-165,6366,877,0.5247889161109924,0.029611360281705856,0.07205750048160553,0.8456698656082153
32,879,478,159,260,157,3,23,19,3180,-142,6334,881,0.5219761729240417,0.029325099661946297,0.07232008874416351,0.847396731376648
74,853,506,159,260,157,12,-2,-3,3180,-168,6304,879,0.5197746157646179,0.02678075060248375,0.0736105814576149,0.8487220406532288
58,841,538,159,260,157,69,33,-22,3180,-190,6274,877,0.5173192024230957,0.025553880259394646,0.0741787776350975,0.850209653377533
41,850,491,159,260,157,128,59,-5,3180,-192,6242,876,0.5154721736907959,0.024320702999830246,0.07439093291759491,0.8513469696044922
48,876,455,159,260,157,159,77,-19,3180,-230,6249,865,0.51768559217453,0.02185928262770176,0.07489380985498428,0.8500227928161621
37,915,410,159,260,157,141,97,-35,3180,-233,6297,862,0.521195650100708,0.02243678830564022,0.07462967932224274,0.8478834629058838
32,942,412,159,260,157,107,58,-37,3180,-222,6341,862,0.5244846343994141,0.0234976913779974,0.07408793270587921,0.8458716869354248
33,933,398,159,260,157,62,16,-56,3180,-214,6384,861,0.5275290012359619,0.024560630321502686,0.07339687645435333,0.8440065383911133
28,916,443,159,260,157,29,-2,-33,3180,-188,6414,863,0.5282561182975769,0.026936465874314308,0.07336269319057465,0.8434838056564331
54,889,449,159,260,157,42,-14,-28,3180,-192,6386,880,0.525901734828949,0.025469208136200905,0.07470297068357468,0.8448838591575623
57,883,466,161,257,152,51,3,-21,3180,-213,6358,876,0.5237696766853333,0.023360034450888634,0.07524993270635605,0.8462194800376892
52,878,481,161,257,152,81,28,-21,3180,-238,6333,869,0.5215837359428406,0.021422121673822403,0.07556161284446716,0.8475921154022217
37,870,459,161,257,152,98,52,-18,3180,-241,6304,851,0.520316481590271,0.020983949303627014,0.07338137179613113,0.8485731482505798
34,886,464,161,257,152,115,58,-26,3180,-250,6310,831,0.5218200087547302,0.019792737439274788,0.07233338057994843,0.8477643132209778
29,897,420,161,257,152,109,71,-41,3180,-225,6343,819,0.5245743989944458,0.021872635930776596,0.07064291089773178,0.8461548089981079
19,907,429,161,257,152,98,71,-36,3180,-193,6376,819,0.5271578431129456,0.02455747127532959,0.06905899196863174,0.8446044921875
23,904,422,161,263,154,93,56,-30,3180,-154,6397,822,0.5290378928184509,0.027478456497192383,0.06760820746421814,0.8434555530548096
22,904,428,161,263,154,74,33,-39,3180,-133,6432,825,0.531571626663208,0.02880982495844364,0.06738051027059555,0.8418347835540771
30,911,429,161,263,154,68,22,-35,3180,-144,6457,839,0.5328078866004944,0.02940557524561882,0.0692354291677475,0.8408817052841187
26,907,432,161,263,154,52,15,-38,3180,-138,6464,864,0.5327225923538208,0.030905088409781456,0.07053795456886292,0.8407732248306274
17,912,414,161,263,154,45,9,-34,3180,-110,6457,881,0.5330270528793335,0.03408470004796982,0.06967201828956604,0.8405309915542603
24,894,434,161,263,154,33,6,-26,3180,-98,6457,889,0.5322810411453247,0.03444281592965126,0.07027661800384521,0.8409373760223389
27,901,445,161,263,154,31,6,1,3180,-84,6438,892,0.5301805138587952,0.034385956823825836,0.07040499895811081,0.8422586917877197
41,892,457,159,258,159,37,-3,2,3180,-117,6413,893,0.5280078053474426,0.03239095211029053,0.07221918553113937,0.8435479998588562
52,902,442,159,258,159,40,-4,-6,3180,-143,6386,908,0.5263875722885132,0.030289631336927414,0.07495798170566559,0.8443989157676697
48,893,444,159,258,159,44,6,-30,3180,-188,6379,915,0.5254944562911987,0.027319256216287613,0.07765619456768036,0.8448119759559631
32,890,442,159,258,159,46,21,-41,3180,-205,6366,931,0.5252388715744019,0.028728824108839035,0.07853583246469498,0.8448401093482971
35,884,440,159,258,159,49,25,-49,3180,-197,6366,944,0.5251671671867371,0.03005863167345524,0.07931200414896011,0.844765841960907
17,890,427,159,258,159,51,37,-50,3180,-163,6376,959,0.5259954929351807,0.03380453214049339,0.07795005291700363,0.8442375659942627
9,891,442,159,258,159,61,39,-41,3180,-129,6366,975,0.5254155397415161,0.037040457129478455,0.07733714580535889,0.8445183634757996
7,891,437,160,271,158,61,40,-28,3180,-91,6386,968,0.527665913105011,0.038578666746616364,0.07465636730194092,0.8432868719100952
13,919,437,160,271,158,57,34,-10,3180,-69,6416,953,0.5298521518707275,0.03955601900815964,0.07276339083909988,0.8420357704162598
6,919,407,160,271,158,58,20,-2,3180,-52,6443,943,0.5325326323509216,0.04050852358341217,0.07177773118019104,0.8403810858726501
4,911,410,160,271,158,27,-3,10,3180,-40,6479,942,0.535071611404419,0.04102790728211403,0.07160091400146484,0.8387566208839417
19,906,425,160,271,158,16,-10,17,3180,-60,6496,950,0.5343892574310303,0.03953719511628151,0.07410597056150436,0.8390476107597351
28,891,430,160,271,158,16,-21,18,3180,-67,6463,961,0.5328157544136047,0.038441721349954605,0.07485251128673553,0.8400315046310425
41,894,438,160,271,158,4,-26,3,3180,-120,6470,958,0.5321136116981506,0.03490745276212692,0.07698576897382736,0.8404403328895569
38,887,464,161,257,160,6,0,-5,3180,-146,6440,964,0.5293285250663757,0.034072257578372955,0.07833033800125122,0.842107892036438
31,899,443,161,257,160,21,8,-2,3180,-149,6402,972,0.5264495015144348,0.03406869247555733,0.07960450649261475,0.8437913656234741
13,905,438,161,257,160,28,31,3,3180,-135,6370,988,0.5259552001953125,0.03684677928686142,0.07913921773433685,0.844022810459137
12,913,434,161,257,160,27,34,11,3180,-108,6394,999,0.5280792713165283,0.039194248616695404,0.0787922590970993,0.8426221013069153
26,913,406,161,257,160,26,28,18,3180,-97,6427,1008,0.5306911468505859,0.04001505300402641,0.07932344079017639,0.8408908247947693
32,903,423,161,257,160,1,17,18,3180,-109,6455,1028,0.5308007001876831,0.04010658711194992,0.08208321034908295,0.8405557870864868
21,891,444,156,265,155,-2,1,21,3180,-101,6426,1048,0.5289589762687683,0.041567735373973846,0.08118418604135513,0.8417328596115112
30,889,444,156,265,155,13,-11,21,3180,-118,6415,1029,0.5282483100891113,0.037816502153873444,0.08151445537805557,0.8423240184783936
30,887,451,156,265,155,25,-11,23,3180,-154,6403,1011,0.5279653072357178,0.03423963114619255,0.08146485686302185,0.8426555395126343
38,894,445,156,265,155,30,-1,14,3180,-175,6413,986,0.5289327502250671,0.032389767467975616,0.0805777832865715,0.8422072529792786
35,902,437,156,265,155,34,4,13,3180,-191,6441,967,0.5313040614128113,0.030913585796952248,0.08009934425354004,0.8408141136169434
34,906,433,156,265,155,22,12,5,3180,-186,6477,963,0.5327293872833252,0.03175927326083183,0.08003115653991699,0.8398865461349487
11,906,433,156,265,155,13,25,11,3180,-167,6479,971,0.5329384207725525,0.03476963937282562,0.07858259230852127,0.8397729992866516
32,896,428,155,266,150,7,19,10,3180,-137,6490,972,0.5340576171875,0.03451642394065857,0.07804223150014877,0.8391252160072327
27,890,449,155,266,150,6,9,10,3180,-136,6471,953,0.5321176052093506,0.03378744423389435,0.07584943622350693,0.8405858874320984
19,890,449,155,266,150,13,7,8,3180,-130,6448,922,0.5303186178207397,0.03324906900525093,0.07338467985391617,0.8419631719589233
31,890,438,155,266,150,25,-7,12,3180,-122,6428,896,0.5309818983078003,0.03159238398075104,0.07192438840866089,0.8417312502861023
37,906,414,155,266,150,22,-14,2,3180,-152,6463,883,0.5335656404495239,0.02961450070142746,0.07226890325546265,0.8401380181312561
14,898,424,155,266,150,10,-9,-12,3180,-149,6485,874,0.5341808199882507,0.03141267970204353,0.07030791789293289,0.839850664138794
14,902,447,155,266,150,16,-22,0,3180,-107,6472,867,0.5324057340621948,0.03311792016029358,0.06827188283205032,0.8410805463790894
33,901,440,149,265,156,20,-8,11,3180,-102,6436,869,0.5298622846603394,0.032363638281822205,0.0697069987654686,0.8425970673561096
38,889,444,149,265,156,19,-2,4,3180,-133,6418,879,0.528763473033905,0.030072884634137154,0.07227952778339386,0.8431533575057983
34,882,456,149,265,156,12,-6,3,3180,-161,6391,888,0.5259699821472168,0.028796179220080376,0.07352090626955032,0.8448383212089539
41,884,449,149,265,156,36,-4,9,3180,-184,6358,883,0.525137722492218,0.0259320717304945,0.07435650378465652,0.8453715443611145
30,898,422,149,265,156,39,0,2,3180,-195,6383,876,0.5271031856536865,0.02556745894253254,0.07431961596012115,0.8441631197929382
28,897,430,149,265,156,38,10,-1,3180,-198,6415,879,0.5295076370239258,0.02703654021024704,0.07392909377813339,0.8426441550254822
14,909,417,149,265,156,31,7,8,3180,-168,6438,885,0.5308195352554321,0.02901167795062065,0.07366865128278732,0.8417785167694092
24,911,428,154,259,156,29,14,20,3180,-146,6438,908,0.530304491519928,0.03222310543060303,0.07482071220874786,0.8418843150138855
20,900,433,154,259,156,23,13,10,3180,-137,6446,936,0.5308266878128052,0.03494130074977875,0.07541375607252121,0.8413916826248169
14,906,441,154,259,156,15,1,11,3180,-118,6434,957,0.529193639755249,0.03625130280852318,0.07650307565927505,0.8422690629959106
24,899,445,154,259,156,21,2,25,3180,-117,6396,969,0.526932418346405,0.03490796312689781,0.0780593678355217,0.8435978889465332
28,893,443,154,259,156,26,0,20,3180,-165,6398,970,0.5272199511528015,0.03348325937986374,0.07905985414981842,0.8433809280395508
38,899,438,154,259,156,29,-10,20,3180,-154,6406,970,0.5277418494224548,0.033397041261196136,0.07988845556974411,0.8429803252220154
45,897,430,154,268,155,26,-18,10,3180,-192,6414,978,0.5292063355445862,0.030683401972055435,0.0811949148774147,0.8420400619506836
48,886,441,154,268,155,19,-14,-1,3180,-214,6447,962,0.5297819972038269,0.027878783643245697,0.08130258321762085,0.8417682647705078
28,896,453,154,268,155,35,0,-6,3180,-217,6433,948,0.5294549465179443,0.028992511332035065,0.07918378710746765,0.8421351909637451
41,891,442,154,268,155,42,13,6,3180,-197,6423,939,0.5297562479972839,0.028234852477908134,0.07862157374620438,0.8420236706733704
41,906,419,154,268,155,38,20,-3,3180,-208,6457,930,0.5324811935424805,0.02851942554116249,0.07813149690628052,0.8403394818305969
22,899,435,154,268,155,28,33,-5,3180,-178,6477,932,0.5324957370758057,0.031982216984033585,0.07628468424081802,0.8403775691986084
21,901,421,154,268,155,35,33,18,3180,-131,6470,934,0.5335875153541565,0.035167306661605835,0.07450433820486069,0.839715838432312
33,907,426,156,263,156,30,27,23,3180,-141,6483,941,0.5332257747650146,0.03302924707531929,0.07741668820381165,0.8397701978683472
28,912,439,156,263,156,29,24,17,3180,-154,6477,964,0.5325459837913513,0.03493862971663475,0.07828482985496521,0.8400425314903259
21,896,436,156,263,156,26,16,18,3180,-130,6468,976,0.5318895578384399,0.03717035427689552,0.07774953544139862,0.8404129147529602
31,902,429,156,263,156,20,7,22,3180,-124,6448,983,0.5311156511306763,0.03564548119902611,0.07912758737802505,0.8408412337303162
43,895,433,156,263,156,26,0,10,3180,-159,6436,984,0.5301860570907593,0.032684583216905594,0.08096189796924591,0.8413710594177246
21,900,434,156,263,156,29,18,4,3180,-168,6445,982,0.5309597849845886,0.03475528955459595,0.07961108535528183,0.8409283757209778
33,913,428,156,263,156,30,11,9,3180,-140,6464,985,0.5331273078918457,0.035327836871147156,0.07975223660469055,0.839518129825592
40,919,417,158,259,153,10,3,-3,3180,-164,6500,988,0.5355321168899536,0.03417522460222244,0.08091745525598526,0.8379220962524414
21,899,434,158,259,153,-7,7,-14,3180,-181,6513,1009,0.5344442129135132,0.035437554121017456,0.08225487917661667,0.8384367227554321
15,897,427,158,259,153,-5,5,5,3180,-136,6484,1014,0.5328294038772583,0.037987399846315384,0.08080125600099564,0.8394947648048401
29,893,439,158,259,153,16,2,17,3180,-143,6456,1013,0.5307577252388,0.03544395789504051,0.08188675343990326,0.8408109545707703
35,896,428,158,259,153,19,5,10,3180,-176,6439,1002,0.5300194025039673,0.03378602862358093,0.08175880461931229,0.8413581848144531
22,879,443,158,259,153,24,-1,17,3180,-154,6427,991,0.528286874294281,0.034908995032310486,0.07958242297172546,0.842609703540802
41,900,423,158,259,153,35,2,24,3180,-159,6430,976,0.5306857824325562,0.03334132581949234,0.07956880331039429,0.8411619663238525
39,909,406,160,268,157,24,-2,13,3180,-175,6469,972,0.5334692597389221,0.03258041664958,0.07984495908021927,0.8394032716751099
31,913,429,160,268,157,14,8,0,3180,-189,6502,975,0.5346089601516724,0.033515866845846176,0.08027013391256332,0.8386008739471436
27,901,440,160,268,157,14,15,-3,3180,-172,6484,985,0.5327224135398865,0.03457026183605194,0.08001352846622467,0.8397834300994873
24,894,432,160,268,157,16,20,-5,3180,-155,6460,984,0.5320028066635132,0.03450118377804756,0.07945013046264648,0.8402950763702393
23,894,445,160,268,157,17,24,-5,3180,-160,6453,976,0.530214786529541,0.034408025443553925,0.07886266708374023,0.8414860963821411
24,892,460,160,268,157,27,13,4,3180,-138,6418,963,0.5284562706947327,0.03379099816083908,0.07708138227462769,0.8427790999412537
33,893,430,154,265,145,40,8,5,3180,-166,6424,944,0.5304098725318909,0.031499918550252914,0.07704491168260574,0.8416420221328735
22,909,428,154,265,145,32,7,10,3180,-169,6463,929,0.5332777500152588,0.03090452030301094,0.0759519636631012,0.8399496674537659
31,909,424,154,265,145,30,0,11,3180,-171,6501,916,0.5361349582672119,0.030361313372850418,0.07509879022836685,0.8382253050804138
17,908,415,154,265,145,28,8,11,3180,-163,6536,902,0.5386415123939514,0.03111015073955059,0.07334635406732559,0.8367448449134827
37,915,431,154,265,145,10,-1,15,3180,-154,6554,893,0.5389531850814819,0.029327604919672012,0.07340823113918304,0.8366047143936157
41,902,431,154,265,145,6,8,15,3180,-186,6547,875,0.537463366985321,0.027077345177531242,0.07319875806570053,0.8376589417457581
30,894,437,154,265,145,7,11,19,3180,-178,6514,866,0.5358644723892212,0.026802469044923782,0.0718911737203598,0.8388017416000366
25,890,431,160,265,158,10,2,15,3180,-185,6487,855,0.5330654978752136,0.027134250849485397,0.0717698186635971,0.8405858874320984
26,893,456,160,265,158,11,8,17,3180,-173,6448,867,0.5301403403282166,0.027824517339468002,0.07229491323232651,0.8423663973808289
27,891,441,160,265,158,31,12,17,3180,-181,6411,876,0.5283485651016235,0.02833317592740059,0.07296332716941833,0.8434131145477295
41,906,428,160,265,158,36,8,15,3180,-164,6413,891,0.5296980142593384,0.02916981466114521,0.0739593356847763,0.8424504995346069
29,909,417,160,265,158,21,8,17,3180,-165,6448,898,0.5322751998901367,0.030274847522377968,0.07405692338943481,0.8407770395278931
24,920,419,160,265,158,8,4,19,3180,-156,6477,914,0.5338298082351685,0.03259851783514023,0.07498549669981003,0.8396220207214355
