-65,906,-403,-123,249,-165,4,18,9,3087,17544,-6842,-2841,-0.2243761420249939,0.8040786981582642,0.5369863510131836,-0.10668106377124786
-74,902,-382,-123,249,-165,3,9,9,3087,17545,-6852,-2833,-0.2238849699497223,0.8036214113235474,0.5379298329353333,-0.10640664398670197
-72,897,-401,-123,249,-165,8,11,9,3087,17546,-6848,-2829,-0.22382359206676483,0.8039868474006653,0.5375188589096069,-0.10585217922925949
-69,899,-391,-123,249,-165,9,-2,14,3087,17527,-6851,-2824,-0.223917618393898,0.8040609955787659,0.53755784034729,-0.10488394647836685
-56,892,-397,-123,249,-165,2,3,7,3087,17536,-6839,-2820,-0.2232181876897812,0.8047773838043213,0.5366929769515991,-0.10530877113342285
-66,898,-398,-123,249,-165,-4,10,2,3087,17541,-6835,-2814,-0.22265934944152832,0.8045437335968018,0.5372214913368225,-0.10559402406215668
-61,903,-388,-121,258,-173,9,9,1,3087,17557,-6836,-2818,-0.22239762544631958,0.8047767877578735,0.5367528796195984,-0.10673557966947556
-60,899,-398,-121,258,-173,16,8,0,3087,17571,-6821,-2822,-0.22226060926914215,0.80519038438797,0.5360429286956787,-0.10746622830629349
-69,906,-395,-121,258,-173,19,11,0,3087,17574,-6811,-2825,-0.2226254642009735,0.8055567145347595,0.5353904366493225,-0.10721892863512039
-73,898,-399,-121,258,-173,18,15,5,3087,17558,-6805,-2826,-0.2236039936542511,0.8059201836585999,0.5346972346305847,-0.10590381920337677
-70,897,-401,-121,258,-173,13,7,10,3086,17543,-6797,-2827,-0.22421708703041077,0.8064348697662354,0.5338369011878967,-0.10502437502145767
-71,884,-409,-121,258,-173,11,5,9,3086,17540,-6789,-2827,-0.22453373670578003,0.8069139122962952,0.5330893397331238,-0.10446591675281525
-74,898,-405,-124,254,-174,0,2,10,3086,17528,-6782,-2827,-0.22490286827087402,0.8073039650917053,0.5324772000312805,-0.10377639532089233
-72,898,-389,-124,254,-174,-6,6,9,3086,17535,-6787,-2826,-0.22449995577335358,0.8064067959785461,0.5339025855064392,-0.10430246591567993
-41,896,-368,-124,254,-174,-7,-27,10,3086,17542,-6796,-2825,-0.223198801279068,0.8059530854225159,0.5347710251808167,-0.1061423271894455
-62,904,-375,-124,254,-174,4,-7,9,3086,17546,-6834,-2826,-0.22313745319843292,0.8043757081031799,0.5370041728019714,-0.10695354640483856
-63,899,-381,-124,254,-174,19,14,10,3086,17569,-6843,-2831,-0.22275777161121368,0.8038873076438904,0.5375887155532837,-0.10846646875143051
-55,907,-387,-124,254,-174,30,-2,12,3086,17580,-6832,-2837,-0.22253023087978363,0.8044464588165283,0.5366488099098206,-0.10943794995546341
-65,904,-395,-124,254,-174,26,-2,3,3086,17587,-6813,-2840,-0.2228570133447647,0.805252730846405,0.535336434841156,-0.10927290469408035
-69,892,-391,-120,254,-173,21,-2,-1,3086,17587,-6794,-2843,-0.22337140142917633,0.8060962557792664,0.5339537262916565,-0.10876786708831787
-71,887,-401,-120,254,-173,10,2,0,3086,17576,-6779,-2845,-0.22433267533779144,0.8067415952682495,0.5328428149223328,-0.10744553804397583
-69,899,-410,-120,254,-173,2,0,3,3086,17556,-6776,-2845,-0.22518819570541382,0.8071963787078857,0.5320424437522888,-0.10619834065437317
-75,892,-405,-120,254,-173,-7,7,6,3086,17547,-6765,-2846,-0.22579948604106903,0.8073846697807312,0.5316889882087708,-0.10523535311222076
-75,883,-370,-120,254,-173,-9,2,19,3086,17523,-6788,-2844,-0.22626206278800964,0.8061851859092712,0.5334473848342896,-0.10453245788812637
-67,899,-390,-120,254,-173,5,2,27,3086,17518,-6807,-2846,-0.22610101103782654,0.8059558868408203,0.5337242484092712,-0.10523748397827148
-50,891,-392,-120,254,-173,2,9,23,3086,17546,-6800,-2849,-0.22495165467262268,0.8060421347618103,0.5336518287658691,-0.10738453269004822
-54,907,-385,-122,251,-174,4,4,14,3086,17566,-6789,-2852,-0.2242535799741745,0.805776834487915,0.5340113043785095,-0.1090409904718399
-54,902,-393,-122,251,-174,7,13,5,3086,17595,-6791,-2857,-0.2234097421169281,0.8057243227958679,0.5340452790260315,-0.11097628623247147
-62,896,-402,-122,251,-174,6,10,-3,3086,17614,-6776,-2861,-0.2234419733285904,0.8064528703689575,0.5328608155250549,-0.11130942404270172
-64,896,-392,-122,251,-174,-2,16,-7,3086,17606,-6767,-2863,-0.22431910037994385,0.8065229654312134,0.5326170325279236,-0.1101989597082138
-69,892,-378,-122,251,-174,1,18,-2,3086,17582,-6775,-2864,-0.22525572776794434,0.8060938119888306,0.5331013202667236,-0.10907801985740662
-65,896,-409,-122,251,-174,-6,15,3,3086,17573,-6776,-2866,-0.2259097695350647,0.8066486120223999,0.5321197509765625,-0.1084170714020729
-79,891,-390,-122,251,-174,-10,18,10,3086,17552,-6792,-2867,-0.22673332691192627,0.805319607257843,0.5340356826782227,-0.10717423260211945
-64,896,-399,-127,258,-174,3,14,20,3086,17535,-6822,-2862,-0.22663548588752747,0.8047288656234741,0.5350776314735413,-0.10659406334161758
-76,899,-401,-127,258,-174,-8,21,19,3086,17533,-6820,-2859,-0.22655928134918213,0.8049134612083435,0.5349050760269165,-0.1062254011631012
-70,902,-389,-127,258,-174,-8,19,22,3086,17534,-6837,-2854,-0.22573736310005188,0.8036351203918457,0.5370372533798218,-0.1069091260433197
-64,904,-409,-127,258,-174,0,26,24,3086,17527,-6846,-2853,-0.2260342687368393,0.8041335344314575,0.5362452268600464,-0.10649579018354416
-56,897,-387,-127,258,-174,-3,24,21,3086,17551,-6834,-2852,-0.2248726487159729,0.8042021989822388,0.5363320708274841,-0.10798797011375427
-52,891,-393,-127,258,-174,3,14,19,3086,17550,-6832,-2851,-0.22461919486522675,0.8044801354408264,0.5360029935836792,-0.10807973146438599
-55,898,-388,-117,254,-170,-1,17,15,3086,17558,-6830,-2848,-0.22426773607730865,0.8041890263557434,0.536485493183136,-0.10858175158500671
-53,907,-378,-117,254,-170,2,21,14,3086,17569,-6836,-2852,-0.22397615015506744,0.8037852644920349,0.5369788408279419,-0.10972614586353302
-57,907,-382,-117,254,-170,5,17,16,3086,17586,-6826,-2857,-0.22392484545707703,0.8038511276245117,0.5367655158042908,-0.11039255559444427
-54,899,-370,-117,254,-170,13,6,17,3086,17587,-6837,-2861,-0.22361242771148682,0.8033766150474548,0.5373719930648804,-0.11152345687150955
-56,899,-392,-117,254,-170,10,8,8,3086,17607,-6831,-2865,-0.22342947125434875,0.8038007616996765,0.5366528630256653,-0.11229302734136581
-58,900,-389,-117,254,-170,14,8,4,3086,17613,-6817,-2868,-0.22361129522323608,0.8042166233062744,0.5359541177749634,-0.11229131370782852
-63,889,-393,-117,254,-170,14,6,1,3086,17605,-6811,-2869,-0.2241898477077484,0.8046658039093018,0.5351911783218384,-0.11155714839696884
-74,891,-409,-115,246,-169,19,5,6,3086,17591,-6800,-2871,-0.22522874176502228,0.8054350018501282,0.5338345170021057,-0.11040934920310974
-76,893,-397,-115,246,-169,6,6,10,3086,17583,-6779,-2875,-0.22614607214927673,0.8061407804489136,0.5325874090194702,-0.10940109938383102
-64,903,-391,-115,246,-169,4,-1,16,3086,17558,-6783,-2877,-0.22696630656719208,0.8060775399208069,0.5325045585632324,-0.10856607556343079
-64,891,-387,-115,246,-169,3,-1,19,3086,17559,-6787,-2880,-0.22686155140399933,0.8055963516235352,0.533136785030365,-0.10925749689340591
-61,893,-378,-115,246,-169,4,-1,15,3086,17568,-6795,-2884,-0.22683356702327728,0.8050182461738586,0.5338653922080994,-0.11001003533601761
-63,901,-380,-115,246,-169,11,-1,12,3086,17586,-6798,-2888,-0.22641801834106445,0.8046451210975647,0.5343164801597595,-0.11139721423387527
-56,902,-382,-115,246,-169,11,0,8,3086,17583,-6799,-2893,-0.2264617532491684,0.8046942949295044,0.5340908169746399,-0.11203545331954956
-69,898,-391,-116,253,-168,10,7,7,3086,17586,-6810,-2892,-0.2267143279314041,0.8043238520622253,0.5347327589988708,-0.11111808568239212
-70,899,-396,-116,253,-168,4,12,1,3086,17569,-6811,-2890,-0.22717075049877167,0.8042723536491394,0.5348219275474548,-0.11012453585863113
-73,899,-399,-116,253,-168,2,10,10,3086,17550,-6821,-2888,-0.2278335690498352,0.8043122291564941,0.5347130298614502,-0.10898630321025848
-64,892,-403,-116,253,-168,-7,14,9,3086,17554,-6808,-2888,-0.22775223851203918,0.8049255609512329,0.5338184833526611,-0.10901385545730591
-66,900,-399,-116,253,-168,-11,13,13,3086,17542,-6825,-2885,-0.2280230075120926,0.8041123747825623,0.5350684523582458,-0.10831961035728455
-76,893,-397,-116,253,-168,-10,17,19,3086,17534,-6838,-2885,-0.22834256291389465,0.8038645386695862,0.5353943109512329,-0.10787606984376907
-54,895,-392,-116,253,-168,-19,18,27,3086,17535,-6831,-2885,-0.22756457328796387,0.8039094805717468,0.5354050993919373,-0.1091301292181015
-69,907,-378,-114,260,-170,-7,23,29,3086,17557,-6850,-2886,-0.2267477959394455,0.8023179173469543,0.537814199924469,-0.11068834364414215
-61,906,-393,-114,260,-170,4,18,31,3086,17578,-6851,-2890,-0.22609350085258484,0.8027439713478088,0.5371444225311279,-0.11217222362756729
-61,896,-400,-114,260,-170,-1,10,15,3086,17588,-6835,-2892,-0.22591133415699005,0.8033887147903442,0.5361583828926086,-0.11264057457447052
-74,897,-389,-114,260,-170,-5,16,13,3086,17593,-6821,-2893,-0.22642482817173004,0.803649365901947,0.5357067584991455,-0.11189303547143936
-72,896,-400,-114,260,-170,-9,15,10,3086,17574,-6824,-2893,-0.2271346151828766,0.8038532733917236,0.5353143811225891,-0.11086321622133255
-68,902,-390,-114,260,-170,-17,16,13,3086,17572,-6817,-2893,-0.22707219421863556,0.8038053512573242,0.5354017615318298,-0.11091931164264679
-62,901,-384,-127,256,-170,-13,10,17,3086,17565,-6839,-2892,-0.22729188203811646,0.8028640747070312,0.5369092226028442,-0.10999704152345657
-64,901,-384,-127,256,-170,-10,10,18,3086,17542,-6860,-2882,-0.2270132601261139,0.8019583225250244,0.5386026501655579,-0.1089015081524849
-63,904,-392,-127,256,-170,-12,9,15,3086,17534,-6873,-2874,-0.22682754695415497,0.8022666573524475,0.5383085608482361,-0.10846111178398132
-63,896,-391,-127,256,-170,-20,16,14,3086,17536,-6875,-2869,-0.22637535631656647,0.8022995591163635,0.5384645462036133,-0.10838893055915833
-68,903,-384,-127,256,-170,-23,20,17,3086,17538,-6871,-2865,-0.22607815265655518,0.8022094964981079,0.5387844443321228,-0.10808416455984116
-54,907,-378,-127,256,-170,-24,12,24,3086,17547,-6871,-2860,-0.224668487906456,0.8017410635948181,0.5398076176643372,-0.10940247774124146
-49,916,-380,-127,256,-170,1,11,35,3086,17566,-6892,-2854,-0.22342047095298767,0.8012076616287231,0.5408612489700317,-0.11063901335000992
-53,901,-379,-116,253,-177,-2,3,30,3086,17589,-6875,-2857,-0.22325265407562256,0.8023087382316589,0.5390233397483826,-0.11196640133857727
-62,904,-395,-116,253,-177,-6,2,21,3086,17607,-6839,-2866,-0.22352448105812073,0.803625762462616,0.536793053150177,-0.11269056797027588
-66,894,-400,-116,253,-177,-20,8,11,3086,17612,-6810,-2874,-0.22431141138076782,0.8047521114349365,0.5348114371299744,-0.11251059919595718
-80,877,-413,-116,253,-177,-41,18,10,3086,17605,-6787,-2881,-0.22552697360515594,0.8056840896606445,0.5331026911735535,-0.11151590943336487
-88,872,-409,-116,253,-177,-71,17,28,3086,17590,-6769,-2886,-0.2267291396856308,0.8065080642700195,0.5315869450569153,-0.11035040020942688
-98,874,-431,-116,253,-177,-97,28,49,3086,17570,-6759,-2890,-0.22804392874240875,0.8071345090866089,0.5303762555122375,-0.10887939482927322
-103,860,-451,-116,253,-177,-149,25,73,3086,17554,-6745,-2893,-0.22895286977291107,0.80791175365448,0.5290188789367676,-0.10780593007802963
-105,851,-464,-119,258,-178,-216,38,106,3086,17540,-6733,-2895,-0.22978247702121735,0.8084715604782104,0.5280419588088989,-0.10662706941366196
-106,863,-464,-119,258,-178,-289,54,144,3086,17527,-6726,-2895,-0.23047029972076416,0.8087304830551147,0.5275550484657288,-0.10558469593524933
-89,888,-417,-119,258,-178,-347,52,179,3086,17512,-6729,-2895,-0.23096707463264465,0.8084685206413269,0.5279154777526855,-0.10469700396060944
-76,916,-378,-119,258,-178,-367,69,218,3086,17490,-6772,-2893,-0.23048287630081177,0.8056771159172058,0.5322160720825195,-0.10552936047315598
-45,954,-338,-119,258,-178,-346,75,235,3086,17528,-6825,-2892,-0.22792907059192657,0.8032271862030029,0.5362012982368469,-0.10951010137796402
5,950,-275,-119,258,-178,-318,64,223,3086,17577,-6862,-2891,-0.22524341940879822,0.8011541962623596,0.5395766496658325,-0.11359892040491104
10,917,-294,-119,258,-178,-250,64,184,3086,17626,-6893,-2892,-0.22264742851257324,0.7993684411048889,0.5424128770828247,-0.11771384626626968
9,956,-262,-116,259,-170,-193,101,138,3086,17674,-6919,-2892,-0.2204950749874115,0.7974919676780701,0.5452761054039001,-0.12121476978063583
0,944,-274,-116,259,-170,-115,101,99,3086,17709,-6950,-2896,-0.21875403821468353,0.7956702709197998,0.5478917956352234,-0.12450035661458969
-9,916,-322,-116,259,-170,-69,96,70,3086,17753,-6969,-2902,-0.21693465113639832,0.7945998907089233,0.5491947531700134,-0.1286892145872116
-45,925,-347,-116,259,-170,-50,72,51,3086,17783,-6976,-2919,-0.21796348690986633,0.7938734292984009,0.5495876669883728,-0.12974406778812408
-70,922,-384,-116,259,-170,-55,36,56,3086,17770,-6965,-2930,-0.21927739679813385,0.7946861982345581,0.5481224656105042,-0.1287500560283661
-61,915,-379,-116,259,-170,-82,11,83,3086,17752,-6951,-2933,-0.22035758197307587,0.7955060601234436,0.5467866659164429,-0.1275169402360916
-74,916,-397,-110,262,-166,-114,-3,102,3086,17739,-6936,-2934,-0.22116126120090485,0.7962968945503235,0.545578122138977,-0.12636110186576843
-51,933,-347,-110,262,-166,-145,-20,129,3086,17722,-6937,-2934,-0.2218991219997406,0.7953232526779175,0.5469228029251099,-0.12538333237171173
-35,928,-347,-110,262,-166,-132,-41,142,3086,17729,-6974,-2937,-0.2203027456998825,0.7938725352287292,0.5490211248397827,-0.12820909917354584
-15,929,-288,-110,262,-166,-118,-54,143,3086,17772,-6993,-2935,-0.21780367195606232,0.7921520471572876,0.551758885383606,-0.13133475184440613
-9,935,-282,-110,262,-166,-65,-52,133,3086,17811,-7020,-2933,-0.2154162973165512,0.7906201481819153,0.554105818271637,-0.13457848131656647
-16,922,-310,-110,262,-166,-17,-52,124,3086,17855,-7039,-2933,-0.21353793144226074,0.7893228530883789,0.5558059215545654,-0.13812506198883057
-27,935,-323,-110,262,-166,16,-64,146,3086,17874,-7060,-2947,-0.21415407955646515,0.788550853729248,0.5564191937446594,-0.13909171521663666
-62,907,-332,-109,265,-160,24,-29,198,3086,17854,-7055,-2949,-0.21548917889595032,0.7887876033782959,0.5561631917953491,-0.13669641315937042
-11,941,-397,-109,265,-160,24,-91,209,3086,17851,-7037,-2943,-0.21466290950775146,0.7904959321022034,0.5540661811828613,-0.13663965463638306
-78,917,-357,-109,265,-160,6,-17,221,3086,17845,-7014,-2935,-0.21532194316387177,0.7913611531257629,0.5530486106872559,-0.1347047984600067
-78,905,-303,-109,265,-160,14,-27,306,3086,17823,-7013,-2926,-0.21527805924415588,0.7908996343612671,0.5540480613708496,-0.13337711989879608
19,950,-427,-109,265,-160,-28,-164,264,3086,17842,-6999,-2913,-0.21289753913879395,0.7929930090904236,0.551720917224884,-0.13440366089344025
-62,897,-268,-109,265,-160,-38,-31,278,3086,17843,-6998,-2900,-0.21258017420768738,0.7917348742485046,0.5539385080337524,-0.13321943581104279
-7,963,-275,-109,265,-160,39,-142,386,3086,17850,-7035,-2886,-0.20958364009857178,0.7904725670814514,0.5564045310020447,-0.1351671814918518
-75,868,-292,-108,276,-166,34,-114,492,3086,17863,-7030,-2870,-0.2084694802761078,0.7910821437835693,0.5561196208000183,-0.13449035584926605
-31,899,-339,-108,276,-166,13,-172,419,3086,17918,-7000,-2849,-0.20522001385688782,0.7923429012298584,0.5551562309265137,-0.1360435038805008
-85,796,-384,-108,276,-166,68,-186,516,3086,17918,-6994,-2833,-0.20398855209350586,0.7938132286071777,0.5537674427032471,-0.13496114313602448
66,983,-443,-108,276,-166,59,-173,594,3086,17955,-6953,-2809,-0.1998509019613266,0.7959901094436646,0.55166095495224,-0.13694611191749573
34,892,-295,-108,276,-166,-32,-72,539,3086,-17989,-6911,-2783,-0.19581224024295807,0.7963122725486755,0.5520657300949097,-0.13927039504051208
-67,936,-328,-108,276,-166,73,-102,526,3086,-17954,-6900,-2762,-0.19385868310928345,0.7976853251457214,0.5508606433868408,-0.13889965415000916
123,976,-403,-108,276,-166,-54,-251,345,3086,-17905,-6862,-2734,-0.18890412151813507,0.7992777824401855,0.5495568513870239,-0.14172114431858063
1,874,-270,-103,273,-158,-12,-84,323,3086,-17888,-6881,-2715,-0.18793979287147522,0.7974706292152405,0.5527554154396057,-0.14074581861495972
125,985,-382,-103,273,-158,22,-231,332,3086,-17861,-6903,-2697,-0.183790922164917,0.7976943254470825,0.5530937910079956,-0.14359043538570404
52,908,-304,-103,273,-158,-46,-62,168,3086,-17798,-6874,-2677,-0.1805599182844162,0.7972230315208435,0.5541675686836243,-0.14615249633789062
80,933,-278,-103,273,-158,-1,-87,135,3086,-17765,-6906,-2668,-0.1777009814977646,0.7958086729049683,0.5563836693763733,-0.14891955256462097
76,928,-316,-103,273,-158,23,-79,91,3086,-17713,-6912,-2660,-0.17469610273838043,0.7950942516326904,0.557508647441864,-0.15204541385173798
2,928,-332,-103,273,-158,40,-79,81,3086,-17707,-6917,-2653,-0.17560318112373352,0.7952210903167725,0.5576432943344116,-0.14982160925865173
11,926,-343,-90,278,-152,58,-53,170,3086,-17754,-6931,-2648,-0.17595095932483673,0.7957966327667236,0.5570893883705139,-0.1484031230211258
57,933,-365,-90,278,-152,34,-73,141,3086,-17727,-6893,-2637,-0.17474184930324554,0.7976673245429993,0.5547654032707214,-0.14849552512168884
49,916,-384,-90,278,-152,11,-43,110,3086,-17724,-6860,-2627,-0.17455483973026276,0.7992780208587646,0.5527541041374207,-0.14755111932754517
-3,899,-326,-90,278,-152,20,-15,154,3086,-17744,-6855,-2619,-0.17560143768787384,0.7990539073944092,0.553466260433197,-0.14483843743801117
115,957,-398,-90,278,-152,-18,-124,148,3086,-17746,-6845,-2608,-0.17356787621974945,0.8006494641304016,0.5515415072441101,-0.14581063389778137
49,915,-327,-90,278,-152,-52,10,46,3086,-17721,-6829,-2596,-0.17209897935390472,0.7997767329216003,0.5531045198440552,-0.14642861485481262
65,938,-312,-90,278,-152,-37,-3,10,3086,-17692,-6860,-2590,-0.1698252111673355,0.7980568408966064,0.5555618405342102,-0.14914511144161224
47,937,-313,-98,286,-159,-6,-6,5,3086,-17695,-6907,-2590,-0.16966772079467773,0.7961323857307434,0.558294415473938,-0.149390310049057
57,927,-329,-98,286,-159,6,25,-19,3086,-17673,-6903,-2591,-0.16940169036388397,0.7966289520263672,0.5575146675109863,-0.14995324611663818
21,928,-311,-98,286,-159,12,18,-14,3086,-17698,-6911,-2593,-0.1711813360452652,0.796217679977417,0.558148205280304,-0.14774422347545624
27,935,-353,-98,286,-159,17,20,0,3086,-17727,-6911,-2595,-0.17243726551532745,0.7971329092979431,0.5568789839744568,-0.14612886309623718
14,924,-349,-98,286,-159,9,19,12,3086,-17750,-6900,-2595,-0.1737341731786728,0.7979487180709839,0.5557844638824463,-0.14429554343223572
42,924,-347,-98,286,-159,6,2,20,3086,-17766,-6885,-2594,-0.17405427992343903,0.7988942861557007,0.5545082688331604,-0.1435825377702713
50,931,-336,-98,286,-159,1,0,19,3086,-17764,-6870,-2591,-0.17325779795646667,0.799391508102417,0.5538976192474365,-0.14413656294345856
57,926,-336,-100,273,-159,4,-5,14,3086,-17740,-6856,-2589,-0.17220166325569153,0.7998024225234985,0.5531887412071228,-0.14584042131900787
71,923,-312,-100,273,-159,13,-13,-4,3086,-17697,-6848,-2590,-0.17016947269439697,0.7993444800376892,0.5536757111549377,-0.14885376393795013
52,931,-328,-100,273,-159,27,-14,-22,3086,-17666,-6852,-2591,-0.16959822177886963,0.7990387082099915,0.5540074110031128,-0.1499057114124298
42,923,-348,-100,273,-159,27,-13,-34,3086,-17683,-6850,-2592,-0.17087534070014954,0.7996061444282532,0.5532611608505249,-0.14817887544631958
30,924,-343,-100,273,-159,25,-28,-25,3086,-17712,-6843,-2592,-0.17239589989185333,0.8001711964607239,0.5525904297828674,-0.14585210382938385
22,926,-368,-100,273,-159,17,-18,-15,3086,-17739,-6836,-2590,-0.17352308332920074,0.8011072874069214,0.5513848662376404,-0.14392665028572083
33,925,-364,-100,273,-159,-1,-16,-8,3086,-17765,-6825,-2588,-0.1741390973329544,0.8014655113220215,0.5510302782058716,-0.14254167675971985
26,932,-336,-98,281,-159,-10,-4,-3,3086,-17783,-6835,-2583,-0.17499499022960663,0.8008645176887512,0.552111029624939,-0.1406722515821457
34,925,-356,-98,281,-159,-2,5,-7,3086,-17786,-6864,-2582,-0.17426776885986328,0.8002737164497375,0.5529641509056091,-0.1415841430425644
38,932,-319,-98,281,-159,-6,22,-17,3086,-17779,-6852,-2581,-0.1738896667957306,0.7995346784591675,0.5540039539337158,-0.14217016100883484
31,931,-335,-98,281,-159,7,36,-20,3086,-17777,-6891,-2585,-0.17380692064762115,0.7983911037445068,0.5554389953613281,-0.14309071004390717
45,922,-321,-98,281,-159,9,51,-20,3086,-17759,-6889,-2591,-0.17327432334423065,0.7984004616737366,0.5551743507385254,-0.14469599723815918
52,921,-347,-98,281,-159,21,55,-34,3086,-17742,-6871,-2595,-0.17305158078670502,0.7992945313453674,0.5537244081497192,-0.14557978510856628
48,910,-310,-98,283,-159,27,65,-52,3086,-17721,-6862,-2598,-0.17233069241046906,0.7983910441398621,0.5548477172851562,-0.1471080183982849
57,922,-356,-98,283,-159,48,65,-75,3086,-17722,-6866,-2603,-0.1727094203233719,0.7991904616355896,0.5535516738891602,-0.1472056359052658
54,920,-348,-98,283,-159,52,106,-101,3086,-17711,-6843,-2606,-0.17285075783729553,0.800003170967102,0.5522066950798035,-0.14767533540725708
60,916,-305,-98,283,-159,77,126,-138,3086,-17692,-6845,-2610,-0.17182335257530212,0.7985621690750122,0.5539865493774414,-0.15000328421592712
73,905,-300,-98,283,-159,103,164,-168,3086,-17689,-6864,-2620,-0.17206090688705444,0.7978246808052063,0.5546134114265442,-0.15133501589298248
156,874,-317,-98,283,-159,214,105,-309,3086,-17653,-6863,-2632,-0.17155809700489044,0.7980479001998901,0.5537529587745667,-0.15385091304779053
73,774,-435,-98,283,-159,213,345,-458,3086,-17661,-6827,-2647,-0.17444683611392975,0.7997077703475952,0.5506747364997864,-0.15303467214107513
-91,1045,-285,-102,277,-160,197,490,-447,3086,-17697,-6814,-2668,-0.1791829913854599,0.7992193102836609,0.5507668256759644,-0.1497529298067093
31,1193,-460,-102,277,-160,249,-264,-604,3086,-17733,-6820,-2690,-0.18176579475402832,0.8000208139419556,0.5493651628494263,-0.14747920632362366
21,791,-258,-102,277,-160,60,15,-404,3086,-17803,-6820,-2714,-0.1858447790145874,0.7991548180580139,0.549905002117157,-0.1450815349817276
-90,1090,-323,-102,277,-160,203,256,-362,3086,-17866,-6863,-2732,-0.19063538312911987,0.7981812953948975,0.5505691766738892,-0.1416471153497696
17,978,-293,-102,277,-160,81,-139,-398,3086,-17890,-6853,-2749,-0.19207100570201874,0.7980926036834717,0.5503761768341064,-0.1409703940153122
-87,974,-472,-102,277,-160,127,158,-285,3086,-17952,-6883,-2765,-0.19578516483306885,0.7982507944107056,0.5494553446769714,-0.1385120153427124
-16,1001,-371,-102,277,-160,153,-43,-331,3086,-17950,-6887,-2766,-0.1965232491493225,0.7976124882698059,0.5503256916999817,-0.1376953274011612
17,969,-392,-102,269,-166,35,-140,-152,3086,17989,-6893,-2779,-0.1982930302619934,0.7982020378112793,0.5491801500320435,-0.13631536066532135
-69,898,-290,-102,269,-166,44,2,-74,3086,17995,-6906,-2783,-0.19965684413909912,0.7966868877410889,0.5511326789855957,-0.13530123233795166
18,911,-383,-102,269,-166,72,-54,-77,3086,17966,-6905,-2786,-0.2001802623271942,0.7982089519500732,0.5488701462745667,-0.13474218547344208
-30,926,-360,-102,269,-166,51,-25,-94,3086,17957,-6876,-2790,-0.20203642547130585,0.7991014122962952,0.5473510026931763,-0.13284768164157867
-7,924,-381,-102,269,-166,51,-76,-81,3086,17943,-6861,-2793,-0.20248836278915405,0.8003344535827637,0.5455034971237183,-0.13233494758605957
-34,912,-385,-102,269,-166,20,-52,-65,3086,17926,-6839,-2793,-0.20392724871635437,0.8013577461242676,0.543985903263092,-0.13016363978385925
-59,914,-395,-102,269,-166,2,21,-41,3086,17889,-6832,-2794,-0.2060318887233734,0.8017684817314148,0.5432623624801636,-0.1273185908794403
-41,919,-360,-115,267,-162,-7,48,0,3086,17838,-6859,-2791,-0.2074885070323944,0.8002903461456299,0.545579731464386,-0.12431421130895615
-18,916,-331,-115,267,-162,2,73,21,3086,17805,-6911,-2785,-0.20696842670440674,0.7982516884803772,0.5486794114112854,-0.12464923411607742
-8,909,-313,-115,267,-162,17,101,16,3086,17835,-6943,-2786,-0.20532019436359406,0.7964707612991333,0.5512450933456421,-0.1274191439151764
22,923,-332,-115,267,-162,55,99,-5,3086,17878,-6954,-2790,-0.20314861834049225,0.7961154580116272,0.5516535043716431,-0.13128215074539185
30,913,-338,-115,267,-162,67,109,-38,3086,17933,-6934,-2795,-0.2011622190475464,0.7962507009506226,0.5513192415237427,-0.13487906754016876
34,912,-337,-115,267,-162,90,68,-65,3086,17983,-6928,-2799,-0.19918932020664215,0.7961540222167969,0.5513781905174255,-0.13808970153331757
24,911,-338,-104,269,-167,117,41,-112,3086,-17974,-6920,-2799,-0.19787931442260742,0.79632568359375,0.5509713292121887,-0.140581876039505
16,919,-348,-104,269,-167,122,7,-131,3086,-17961,-6886,-2810,-0.1986348181962967,0.797197699546814,0.5492744445800781,-0.14121690392494202
8,939,-317,-104,269,-167,142,-21,-130,3086,-17955,-6888,-2823,-0.19936126470565796,0.7958424091339111,0.5507697463035583,-0.14202511310577393
4,926,-295,-104,269,-167,187,-22,-144,3086,-17955,-6925,-2833,-0.19957946240901947,0.7939965724945068,0.5530422925949097,-0.14321587979793549
-1,948,-276,-104,269,-167,251,-25,-162,3086,-17962,-6960,-2843,-0.2002580314874649,0.7923942804336548,0.5549998879432678,-0.14357507228851318
18,973,-280,-104,269,-167,339,-35,-183,3086,-17963,-6983,-2852,-0.20046356320381165,0.7913559079170227,0.5560969114303589,-0.14476105570793152
3,1108,-317,-104,269,-167,393,-63,-206,3086,-17950,-6990,-2866,-0.20097847282886505,0.7905080914497375,0.5568403601646423,-0.14582201838493347
-28,992,-287,-114,264,-170,460,-140,-163,3086,-17977,-7017,-2874,-0.20326870679855347,0.7895813584327698,0.5578736066818237,-0.14369353652000427
-83,896,-376,-114,264,-170,534,-160,-90,3086,17965,-7016,-2877,-0.20602072775363922,0.7917093634605408,0.5548972487449646,-0.1395171582698822
-118,827,-462,-114,264,-170,479,-147,-16,3086,17928,-6966,-2870,-0.20770199596881866,0.7947283983230591,0.5508378148078918,-0.13590013980865479
-111,815,-497,-114,264,-170,389,-144,61,3086,17898,-6915,-2861,-0.20879995822906494,0.7976400256156921,0.5469624996185303,-0.1327754706144333
-78,804,-526,-114,264,-170,294,-147,80,3086,17882,-6863,-2850,-0.20924286544322968,0.8004615902900696,0.5432447195053101,-0.13033784925937653
-86,814,-549,-114,264,-170,200,-118,66,3086,17869,-6815,-2840,-0.20970718562602997,0.8029381036758423,0.5399305820465088,-0.12811163067817688
-78,829,-546,-114,264,-170,88,-101,61,3086,17855,-6773,-2831,-0.21012136340141296,0.8050310611724854,0.5371189117431641,-0.1261008381843567
-81,840,-507,-108,253,-174,-3,-57,58,3086,17845,-6738,-2825,-0.21065638959407806,0.8067376613616943,0.5346933603286743,-0.1245998963713646
-57,862,-473,-108,253,-174,-63,-27,67,3086,17835,-6710,-2822,-0.21122053265571594,0.8081209063529968,0.5326651930809021,-0.12336169183254242
-48,876,-447,-108,253,-174,-102,10,88,3086,17827,-6686,-2821,-0.2118697166442871,0.8092002272605896,0.5310025215148926,-0.12233743816614151
-46,880,-420,-108,253,-174,-139,20,117,3086,17818,-6668,-2821,-0.212376207113266,0.8100347518920898,0.5296977758407593,-0.12158749997615814
-39,908,-396,-108,253,-174,-159,51,130,3086,17813,-6661,-2823,-0.21266011893749237,0.809743344783783,0.529988706111908,-0.12176154553890228
-24,907,-373,-108,253,-174,-157,70,140,3086,17827,-6681,-2831,-0.21173745393753052,0.8083166480064392,0.5318765044212341,-0.12459028512239456
-8,908,-371,-108,253,-174,-146,80,142,3086,17869,-6690,-2841,-0.21009734272956848,0.8071231245994568,0.5334973335266113,-0.1281391829252243
-19,900,-397,-110,258,-169,-136,93,133,3086,17887,-6715,-2838,-0.20974697172641754,0.8065962791442871,0.5344376564025879,-0.12809470295906067
-16,897,-410,-110,258,-169,-143,86,134,3086,17884,-6710,-2836,-0.20972490310668945,0.8070235848426819,0.5338476300239563,-0.12789912521839142
-33,896,-397,-110,258,-169,-150,88,137,3086,17879,-6704,-2835,-0.21015465259552002,0.8071181774139404,0.5337656140327454,-0.1269354224205017
-51,877,-427,-110,258,-169,-150,91,139,3086,17867,-6700,-2833,-0.21068578958511353,0.8077260255813599,0.5328448414802551,-0.12605613470077515
-51,877,-432,-110,258,-169,-191,82,165,3086,17853,-6693,-2833,-0.21127641201019287,0.8082173466682434,0.5321165919303894,-0.1249900832772255
-51,886,-407,-110,258,-169,-224,64,200,3086,17841,-6690,-2830,-0.21161215007305145,0.8082982897758484,0.5321409702301025,-0.12378845363855362
-33,904,-416,-113,266,-168,-246,66,224,3086,17831,-6693,-2824,-0.2113134264945984,0.8078711032867432,0.533145546913147,-0.12276972085237503
-8,946,-375,-113,266,-168,-254,65,229,3086,17838,-6737,-2809,-0.20853957533836365,0.8055008053779602,0.537291944026947,-0.12500542402267456
23,950,-353,-113,266,-168,-230,44,215,3086,17878,-6779,-2801,-0.2054460644721985,0.8034821152687073,0.5406268835067749,-0.1286868304014206
-8,927,-390,-113,266,-168,-216,57,189,3086,17925,-6793,-2794,-0.20343609154224396,0.803272008895874,0.541200578212738,-0.1307370960712433
-10,930,-352,-113,266,-168,-228,67,191,3086,17948,-6804,-2788,-0.20207135379314423,0.8013430833816528,0.5443007946014404,-0.13183115422725677
-12,948,-358,-113,266,-168,-206,89,208,3086,17938,-6852,-2786,-0.20177221298217773,0.7997693419456482,0.5465620756149292,-0.13247288763523102
22,952,-367,-113,266,-168,-222,101,214,3086,17977,-6855,-2789,-0.19925060868263245,0.7996717095375061,0.5466405153274536,-0.13650336861610413
70,929,-323,-100,277,-161,-228,96,195,3086,-17956,-6854,-2789,-0.1959705352783203,0.798367440700531,0.5485337376594543,-0.14122584462165833
69,911,-304,-100,277,-161,-164,146,148,3086,-17897,-6873,-2790,-0.19314038753509521,0.7968319654464722,0.5505855083465576,-0.1457354873418808
73,898,-311,-100,277,-161,-221,86,66,3086,-17840,-6859,-2793,-0.19097836315631866,0.7965012192726135,0.5508827567100525,-0.14923423528671265
34,926,-316,-100,277,-161,-104,160,58,3086,-17810,-6897,-2799,-0.19021113216876984,0.7945168018341064,0.5533974766731262,-0.15144918859004974
59,960,-429,-100,277,-161,-131,160,36,3086,-17791,-6883,-2806,-0.19023236632347107,0.7956205010414124,0.5515282154083252,-0.15244539082050323
74,1039,-449,-100,277,-161,-248,99,-18,3086,-17774,-6858,-2812,-0.1899653524160385,0.7963104248046875,0.5503221750259399,-0.15353216230869293
145,991,-305,-100,277,-161,-516,-1,-165,3086,-17753,-6841,-2814,-0.18903204798698425,0.7952222228050232,0.5517212748527527,-0.1553136110305786
4,811,-223,-94,275,-158,-470,67,-289,3086,-17755,-6897,-2824,-0.19008009135723114,0.7920798659324646,0.5557866096496582,-0.1555999219417572
6,964,-256,-94,275,-158,-234,119,-175,3086,-17800,-6973,-2841,-0.1926054209470749,0.7896198034286499,0.5587249398231506,-0.1544458270072937
10,985,-421,-94,275,-158,-148,87,-105,3086,-17841,-7002,-2855,-0.19494372606277466,0.789528489112854,0.5585129261016846,-0.15273748338222504
6,943,-339,-94,275,-158,-263,55,-130,3086,-17851,-6987,-2861,-0.19623936712741852,0.7899036407470703,0.5577620267868042,-0.15187914669513702
-103,835,-176,-94,275,-158,-173,71,-80,3086,-17895,-7016,-2869,-0.19855841994285583,0.7879396677017212,0.5603116154670715,-0.14968979358673096
-7,952,-376,-94,275,-158,-16,-48,35,3086,-17936,-7049,-2875,-0.20005503296852112,0.7883234620094299,0.5597292184829712,-0.14782041311264038
9,919,-305,-94,275,-158,-56,-35,34,3086,-17934,-7030,-2876,-0.20049461722373962,0.7885832190513611,0.5592107176780701,-0.14780522882938385
-18,934,-305,-107,277,-165,-18,-22,17,3086,-17954,-7050,-2883,-0.20221975445747375,0.7873866558074951,0.5605650544166565,-0.14669887721538544
-25,924,-289,-107,277,-165,-10,-10,42,3086,-17981,-7075,-2896,-0.2041386514902115,0.7860440015792847,0.5619902014732361,-0.1457935869693756
2,924,-325,-107,277,-165,22,-19,67,3086,17987,-7092,-2905,-0.2049703150987625,0.7866638898849487,0.5608668327331543,-0.14559897780418396
11,924,-331,-107,277,-165,9,-11,64,3086,-17988,-7054,-2908,-0.2043626755475998,0.7881454229354858,0.5586866140365601,-0.1468178629875183
9,932,-350,-107,277,-165,16,-32,54,3086,-17972,-7020,-2909,-0.2043166309595108,0.7896068692207336,0.5566275715827942,-0.14684970676898956
19,925,-352,-107,277,-165,-3,-57,54,3086,-17967,-6988,-2906,-0.20398952066898346,0.7911275625228882,0.5546033978462219,-0.14677757024765015
19,928,-351,-103,276,-163,-21,-62,51,3086,-17951,-6960,-2901,-0.2030840367078781,0.7920159101486206,0.5535076856613159,-0.14737436175346375
31,927,-307,-103,276,-163,-23,-59,45,3086,-17920,-6966,-2898,-0.20072075724601746,0.7906380891799927,0.5555712580680847,-0.15024031698703766
41,924,-279,-103,276,-163,9,-44,29,3086,-17880,-6985,-2895,-0.1985052525997162,0.7893928289413452,0.557321310043335,-0.1532078981399536
41,940,-309,-103,276,-163,33,-33,7,3086,-17839,-6984,-2897,-0.1969180852174759,0.7887789607048035,0.5579853057861328,-0.15597660839557648
39,928,-302,-103,276,-163,47,-3,-13,3086,-17808,-6985,-2901,-0.19621066749095917,0.7880847454071045,0.5587082505226135,-0.15777882933616638
13,934,-319,-103,276,-163,60,31,-27,3086,-17812,-6987,-2908,-0.19758813083171844,0.7887789607048035,0.5575650930404663,-0.1566234976053238
9,933,-353,-103,276,-163,48,55,-27,3086,-17835,-6972,-2912,-0.19914555549621582,0.7899138927459717,0.5558438301086426,-0.15504349768161774
-1,941,-353,-111,276,-158,33,60,-14,3086,-17867,-6966,-2914,-0.20079882442951202,0.7903075218200684,0.555431067943573,-0.15236030519008636
6,929,-357,-111,276,-158,15,52,-8,3086,-17896,-6963,-2909,-0.2017822116613388,0.7910248041152954,0.5546366572380066,-0.15021806955337524
-7,935,-362,-111,276,-158,5,42,-2,3086,-17926,-6962,-2903,-0.2028340995311737,0.7915570735931396,0.5541344881057739,-0.147831529378891
1,927,-337,-111,276,-158,-21,27,6,3086,-17957,-6966,-2895,-0.20316722989082336,0.7913095951080322,0.5549346208572388,-0.14567998051643372
15,930,-331,-111,276,-158,-25,-10,10,3086,-17971,-7002,-2880,-0.20180140435695648,0.7901066541671753,0.5572236180305481,-0.14536868035793304
11,930,-310,-111,276,-158,-17,7,-2,3086,-17953,-7025,-2867,-0.19985975325107574,0.7884992957115173,0.5598888397216797,-0.14653868973255157
20,930,-280,-111,276,-158,-6,20,-8,3086,-17948,-7072,-2861,-0.19872181117534637,0.7861155271530151,0.5632979273796082,-0.1478373259305954
22,939,-308,-102,275,-155,18,12,-13,3086,-17930,-7095,-2866,-0.19791662693023682,0.7858812808990479,0.5633671879768372,-0.14986956119537354
6,945,-336,-102,275,-155,22,44,-23,3086,-17914,-7075,-2870,-0.19859476387500763,0.7866190671920776,0.5621764063835144,-0.14957091212272644
-1,929,-317,-102,275,-155,16,43,-18,3086,-17930,-7059,-2874,-0.1998177170753479,0.7872185111045837,0.5612192749977112,-0.14837540686130524
5,939,-347,-102,275,-155,23,24,-11,3086,-17945,-7049,-2877,-0.20063567161560059,0.7883469462394714,0.5595746040344238,-0.1474919468164444
11,940,-364,-102,275,-155,-8,7,-14,3086,-17948,-7022,-2877,-0.20097661018371582,0.7896899580955505,0.5576990842819214,-0.1469457894563675
-6,923,-363,-102,275,-155,-22,-11,-14,3086,-17953,-7000,-2875,-0.2016642689704895,0.7907227873802185,0.5563570857048035,-0.1455310434103012
-11,930,-358,-102,275,-155,-40,-27,-7,3086,-17976,-6991,-2870,-0.20260034501552582,0.791513979434967,0.5553632974624634,-0.14371438324451447
-12,935,-309,-96,269,-163,-52,-12,10,3086,-17993,-6978,-2876,-0.20419390499591827,0.7915093898773193,0.5548228621482849,-0.143569216132164
18,956,-317,-96,269,-163,-51,25,21,3086,-17977,-6978,-2897,-0.2039267122745514,0.7913362383842468,0.5543648600578308,-0.14664186537265778
41,1038,-412,-96,269,-163,-81,21,-2,3086,-17935,-6958,-2911,-0.2032000869512558,0.7919542193412781,0.5530774593353271,-0.14915746450424194
69,1026,-339,-96,269,-163,-328,-41,-144,3086,-17910,-6930,-2913,-0.2020503282546997,0.7916857004165649,0.5533384084701538,-0.15117982029914856
-24,825,-77,-96,269,-163,-108,67,-102,3086,-17900,-6979,-2920,-0.20237290859222412,0.7889543771743774,0.5569494962692261,-0.15177097916603088
-7,972,-416,-96,269,-163,6,-15,-54,3086,-17922,-7001,-2928,-0.20379690825939178,0.789545476436615,0.5559050440788269,-0.15059226751327515
-22,896,-270,-106,273,-154,-88,-9,-72,3086,-17930,-6975,-2930,-0.2047223001718521,0.789262592792511,0.5563074350357056,-0.1493501216173172
-49,928,-324,-106,273,-154,34,-7,-7,3086,-17974,-7032,-2928,-0.20636019110679626,0.7879166603088379,0.558332622051239,-0.14660251140594482
-20,933,-322,-106,273,-154,-1,-34,33,3086,17982,-7042,-2922,-0.20756511390209198,0.7876166701316833,0.5590548515319824,-0.14374175667762756
0,931,-308,-106,273,-154,23,-9,32,3086,17949,-7092,-2914,-0.2070315033197403,0.786283016204834,0.561161994934082,-0.1435861587524414
23,939,-310,-106,273,-154,7,-13,20,3086,17982,-7077,-2910,-0.20478862524032593,0.7862779498100281,0.5613552927970886,-0.14606702327728271
9,926,-291,-106,273,-154,33,-27,11,3086,-17993,-7109,-2905,-0.20318865776062012,0.7846099138259888,0.5638018250465393,-0.14782796800136566
13,926,-328,-106,273,-154,38,-45,2,3086,-17969,-7094,-2902,-0.20250964164733887,0.7859445810317993,0.5620830655097961,-0.14821043610572815
-3,927,-301,-102,273,-157,47,-58,-7,3086,-17968,-7084,-2901,-0.20315046608448029,0.7858754992485046,0.5620874762535095,-0.14768128097057343
15,931,-303,-102,273,-157,59,-80,-6,3086,-17967,-7071,-2903,-0.20232021808624268,0.7865069508552551,0.5611835718154907,-0.14889821410179138
24,926,-281,-102,273,-157,82,-75,-15,3086,-17940,-7076,-2904,-0.2008807510137558,0.7854215502738953,0.5626687407493591,-0.15097282826900482
46,937,-271,-102,273,-157,118,-58,-42,3086,-17903,-7086,-2904,-0.19902686774730682,0.78462153673172,0.5637031197547913,-0.15370552241802216
39,936,-258,-102,273,-157,148,-9,-74,3086,-17871,-7097,-2906,-0.197831928730011,0.7833731770515442,0.5652522444725037,-0.15591222047805786
41,951,-253,-102,273,-157,207,22,-102,3086,-17858,-7122,-2914,-0.1974942982196808,0.7819017171859741,0.5669302344322205,-0.1576257199048996
28,979,-246,-102,273,-157,261,48,-125,3086,-17847,-7144,-2925,-0.19784347712993622,0.7803815603256226,0.5685619115829468,-0.1588406264781952
67,1009,-249,-106,273,-165,324,27,-162,3086,-17830,-7152,-2944,-0.19781121611595154,0.7799063324928284,0.5683807134628296,-0.16183093190193176
34,1067,-221,-106,273,-165,384,53,-243,3086,-17805,-7146,-2959,-0.19842703640460968,0.779204785823822,0.5687620639801025,-0.1631176471710205
38,1009,-193,-106,273,-165,560,-12,-228,3086,-17818,-7160,-2971,-0.19958467781543732,0.7787656188011169,0.5689727663993835,-0.16306611895561218
-8,926,-323,-106,273,-165,654,-77,-210,3086,-17835,-7143,-2987,-0.2024470418691635,0.7810029983520508,0.5654624700546265,-0.16101349890232086
-31,861,-391,-106,273,-165,618,-97,-192,3086,-17871,-7084,-2989,-0.20496809482574463,0.7844332456588745,0.5607672333717346,-0.1575327068567276
-48,847,-410,-106,273,-165,578,-119,-163,3086,-17905,-7025,-2986,-0.20719227194786072,0.7877513766288757,0.5562724471092224,-0.15396146476268768
-49,853,-441,-106,273,-165,542,-145,-128,3086,-17940,-6969,-2981,-0.20910662412643433,0.7909976243972778,0.5519191026687622,-0.15035520493984222
-32,844,-493,-111,260,-166,476,-145,-130,3086,-17968,-6912,-2974,-0.21060483157634735,0.7942126989364624,0.5475617051124573,-0.14721371233463287
-40,850,-473,-111,260,-166,400,-129,-151,3086,-17995,-6859,-2967,-0.21217188239097595,0.7970476746559143,0.543678343296051,-0.1439993530511856
-47,862,-462,-111,260,-166,339,-125,-151,3086,17971,-6816,-2962,-0.21389177441596985,0.7994970679283142,0.5402947664260864,-0.1405712515115738
-54,870,-443,-111,260,-166,288,-109,-137,3086,17935,-6780,-2956,-0.21565954387187958,0.8015586137771606,0.5374539494514465,-0.13697396218776703
-60,868,-464,-111,260,-166,238,-77,-116,3086,17894,-6752,-2950,-0.2174069583415985,0.8034204840660095,0.5348321795463562,-0.13352318108081818
-80,869,-463,-111,260,-166,146,-67,-86,3086,17856,-6727,-2945,-0.21915236115455627,0.8049187660217285,0.5327169299125671,-0.13005676865577698
-76,886,-438,-115,263,-166,83,-46,-47,3086,17812,-6717,-2938,-0.2208757847547531,0.8056142926216125,0.5318731665611267,-0.1262357234954834
-74,905,-440,-115,263,-166,73,-24,-2,3086,17758,-6730,-2928,-0.22228705883026123,0.8059086799621582,0.5317152142524719,-0.12248440086841583
-63,914,-427,-115,263,-166,30,-6,20,3086,17719,-6733,-2916,-0.22292406857013702,0.8061843514442444,0.5317288041114807,-0.11941205710172653
-40,900,-390,-115,263,-166,14,8,23,3086,17695,-6758,-2897,-0.22153306007385254,0.8048299551010132,0.5345889329910278,-0.11837378144264221
-27,903,-394,-115,263,-166,18,15,24,3086,17710,-6792,-2879,-0.21908792853355408,0.8037634491920471,0.5368816256523132,-0.11978980153799057
-19,913,-375,-115,263,-166,14,23,15,3086,17731,-6818,-2866,-0.21680469810962677,0.8025116920471191,0.5392988324165344,-0.12145412713289261
-32,913,-368,-115,263,-166,17,39,-4,3086,17755,-6831,-2856,-0.2154959738254547,0.8018056154251099,0.5406927466392517,-0.1222413033246994
-44,910,-375,-116,260,-170,23,51,-6,3086,17751,-6849,-2855,-0.21597693860530853,0.8014224767684937,0.5411068797111511,-0.12207216769456863
-47,911,-379,-116,260,-170,32,45,5,3086,17740,-6842,-2859,-0.2170482724905014,0.8019040822982788,0.5401937365531921,-0.12105171382427216
-46,893,-380,-116,260,-170,39,44,9,3086,17734,-6829,-2863,-0.2175104171037674,0.8027480840682983,0.5388202667236328,-0.12074883282184601
-43,890,-397,-116,260,-170,32,37,9,3086,17732,-6807,-2865,-0.2179238200187683,0.8037887811660767,0.5372065901756287,-0.12026870250701904
-47,892,-402,-116,260,-170,34,18,20,3086,17725,-6787,-2865,-0.2185945063829422,0.8046679496765137,0.5359011292457581,-0.11899005621671677
-44,898,-409,-116,260,-170,36,6,35,3086,17711,-6777,-2861,-0.21883487701416016,0.8055678606033325,0.5346629023551941,-0.11802631616592407
-22,896,-398,-116,260,-170,34,-4,40,3086,17720,-6751,-2857,-0.21763978898525238,0.8065628409385681,0.5334665179252625,-0.11885331571102142
-12,897,-388,-113,264,-169,40,-7,33,3086,17757,-6735,-2848,-0.21537479758262634,0.8064610958099365,0.5341729521751404,-0.12049097567796707
-23,911,-392,-113,264,-169,43,3,1,3086,17782,-6743,-2836,-0.21386295557022095,0.8064136505126953,0.5346904993057251,-0.12119591981172562
-19,899,-380,-113,264,-169,42,-6,-13,3086,17788,-6749,-2826,-0.21280530095100403,0.8060474991798401,0.5356521010398865,-0.12124758958816528
-42,896,-389,-113,264,-169,58,-19,-3,3086,17772,-6772,-2816,-0.21313558518886566,0.8056878447532654,0.5364266037940979,-0.11962325870990753
-50,886,-428,-113,264,-169,37,-8,10,3086,17755,-6757,-2813,-0.2138541042804718,0.8068466782569885,0.5347621440887451,-0.11797192692756653
-50,885,-418,-113,264,-169,11,-7,16,3086,17737,-6739,-2809,-0.21453121304512024,0.807784378528595,0.5334594249725342,-0.11620920151472092
-46,906,-409,-113,264,-169,0,5,14,3086,17716,-6736,-2802,-0.21516850590705872,0.8081828355789185,0.5329987406730652,-0.11436328291893005
-42,899,-393,-119,259,-175,-13,11,14,3086,17713,-6723,-2801,-0.21494099497795105,0.8085631728172302,0.532461404800415,-0.11459940671920776
-32,916,-382,-119,259,-175,-2,22,14,3086,17726,-6741,-2800,-0.2134963870048523,0.8071910738945007,0.5346378087997437,-0.11683046817779541
-24,908,-384,-119,259,-175,-3,22,7,3086,17765,-6740,-2801,-0.2119341790676117,0.8072500824928284,0.5345931053161621,-0.1194363534450531
-10,913,-370,-119,259,-175,0,22,-4,3086,17804,-6740,-2803,-0.2099505215883255,0.8064465522766113,0.5358707308769226,-0.12260688096284866
-20,916,-380,-119,259,-175,10,25,-21,3086,17840,-6752,-2805,-0.20875616371631622,0.8056873679161072,0.5369579195976257,-0.12485740333795547
-25,899,-385,-119,259,-175,20,20,-35,3086,17858,-6756,-2808,-0.20882548391819,0.8056375980377197,0.5368966460227966,-0.12531818449497223
-40,903,-379,-104,256,-173,38,9,-22,3086,17839,-6763,-2811,-0.2097054272890091,0.805570662021637,0.5367241501808167,-0.1250194013118744
-31,914,-377,-104,256,-173,54,-8,-17,3086,17841,-6740,-2822,-0.21103180944919586,0.8063194751739502,0.5351918935775757,-0.12452912330627441
-38,893,-419,-104,256,-173,57,-19,-7,3086,17825,-6721,-2829,-0.21220332384109497,0.8076465725898743,0.5330110788345337,-0.12328457832336426
-62,881,-409,-104,256,-173,35,-12,-1,3086,17815,-6693,-2832,-0.21336154639720917,0.8088144659996033,0.5311155319213867,-0.12180270999670029
-46,888,-425,-104,256,-173,31,-5,4,3086,17790,-6679,-2834,-0.21471171081066132,0.8097417950630188,0.5295577049255371,-0.12003836780786514
-50,898,-412,-104,256,-173,9,4,5,3086,17777,-6657,-2836,-0.21574261784553528,0.8106768727302551,0.5279842019081116,-0.11880148947238922
-42,907,-378,-104,256,-173,17,2,23,3086,17750,-6670,-2839,-0.21670235693454742,0.8090788722038269,0.5302258729934692,-0.11797405034303665
-26,905,-398,-120,260,-162,42,-3,38,3086,17730,-6721,-2836,-0.21591827273368835,0.8072629570960999,0.5334806442260742,-0.11718663573265076
-15,908,-411,-120,260,-162,30,-2,27,3086,17740,-6753,-2811,-0.21294856071472168,0.8067653775215149,0.5353055596351624,-0.1177053302526474
-14,907,-394,-120,260,-162,11,1,3,3086,17754,-6769,-2784,-0.2104044407606125,0.8060075044631958,0.537461519241333,-0.11764666438102722
-32,910,-379,-120,260,-162,18,12,-2,3086,17757,-6805,-2761,-0.20861808955669403,0.8044348359107971,0.5405869483947754,-0.1172761395573616
-28,903,-395,-120,260,-162,30,23,-3,3086,17762,-6811,-2747,-0.20809340476989746,0.8050503134727478,0.5400586128234863,-0.11640823632478714
-26,898,-406,-120,260,-162,19,34,-7,3086,17752,-6800,-2739,-0.20808547735214233,0.8060019016265869,0.5388795733451843,-0.11529582738876343
-42,902,-404,-120,260,-162,12,31,-3,3086,17738,-6792,-2730,-0.20818005502223969,0.8063938617706299,0.5386303663253784,-0.11353446543216705
-27,891,-413,-108,256,-170,14,25,2,3086,17740,-6772,-2730,-0.20842544734477997,0.8077720403671265,0.5363376140594482,-0.1141429916024208
-35,883,-400,-108,256,-170,-1,34,-2,3086,17746,-6740,-2736,-0.20893912017345428,0.8090038299560547,0.5342598557472229,-0.11422206461429596
-32,902,-398,-108,256,-170,-12,26,-1,3086,17752,-6712,-2742,-0.2091108113527298,0.8099179267883301,0.532694935798645,-0.11473637074232101
-29,906,-385,-108,256,-170,-9,27,-2,3086,17756,-6711,-2748,-0.20936912298202515,0.8095846176147461,0.5329778790473938,-0.11530102789402008
-31,904,-392,-108,256,-170,7,26,0,3086,17765,-6714,-2754,-0.20941756665706635,0.8094581961631775,0.5329630374908447,-0.11616595089435577
-31,900,-392,-108,256,-170,10,24,0,3086,17778,-6696,-2759,-0.2093966156244278,0.8099811673164368,0.5320356488227844,-0.11680733412504196
-32,906,-387,-108,256,-170,9,36,-3,3086,17778,-6690,-2763,-0.20960871875286102,0.80971360206604,0.5323594212532043,-0.11680778115987778
-40,896,-381,-110,260,-169,11,33,-2,3086,17763,-6717,-2761,-0.21011798083782196,0.8082804083824158,0.5345773696899414,-0.11569664627313614
-36,903,-388,-110,260,-169,29,17,4,3086,17742,-6745,-2760,-0.21058247983455658,0.8080875873565674,0.534795343875885,-0.11517786234617233
-39,896,-401,-110,260,-169,29,10,3,3086,17743,-6731,-2762,-0.21104618906974792,0.8088757991790771,0.5335642099380493,-0.11450520902872086
-37,898,-392,-110,260,-169,17,4,3,3086,17748,-6718,-2761,-0.21051347255706787,0.8088778257369995,0.5336684584617615,-0.11498638242483139
-37,899,-392,-110,260,-169,22,12,-2,3086,17749,-6737,-2759,-0.21021738648414612,0.8084002137184143,0.5344253182411194,-0.1153685599565506
-22,904,-399,-110,260,-169,27,7,3,3086,17757,-6729,-2759,-0.20963598787784576,0.8088246583938599,0.5338343977928162,-0.11618451029062271
-33,909,-390,-116,254,-166,28,6,-1,3086,17773,-6712,-2758,-0.20944973826408386,0.8090479969978333,0.533657431602478,-0.11577651649713516
-22,892,-397,-116,254,-166,32,1,2,3086,17757,-6729,-2748,-0.20881377160549164,0.8090460300445557,0.5339961051940918,-0.11537753790616989
-43,906,-412,-116,254,-166,33,6,-3,3086,17759,-6716,-2742,-0.20900970697402954,0.8095781803131104,0.5334005355834961,-0.11403834819793701
-20,896,-409,-116,254,-166,17,-2,-4,3086,17750,-6709,-2735,-0.20856201648712158,0.8102207779884338,0.5326974987983704,-0.11357835680246353
-40,903,-398,-116,254,-166,15,0,-8,3086,17750,-6704,-2726,-0.20814970135688782,0.8102620244026184,0.5329680442810059,-0.1127680242061615
-29,899,-393,-116,254,-166,14,-1,-7,3086,17731,-6719,-2716,-0.2078056037425995,0.8098682165145874,0.5338807106018066,-0.11191060394048691
-41,886,-394,-116,254,-166,19,3,-3,3086,17723,-6734,-2708,-0.20796075463294983,0.8097190856933594,0.5342944860458374,-0.11072093993425369
-42,900,-405,-118,253,-168,12,14,-1,3086,17713,-6723,-2705,-0.20844686031341553,0.8102971911430359,0.5334604382514954,-0.10959451645612717
-41,886,-391,-118,253,-168,0,5,-3,3086,17711,-6715,-2703,-0.2080679088830948,0.8105782866477966,0.5331798791885376,-0.1096007227897644
-38,900,-385,-118,253,-168,3,11,4,3086,17718,-6733,-2697,-0.20699675381183624,0.8092955946922302,0.5353389978408813,-0.11058377474546432
-33,901,-384,-118,253,-168,13,11,2,3086,17734,-6742,-2695,-0.20600159466266632,0.8089056015014648,0.5360395908355713,-0.11189540475606918
-32,899,-394,-118,253,-168,24,5,3,3086,17754,-6744,-2695,-0.2052544504404068,0.809192955493927,0.5356722474098206,-0.11293906718492508
-31,896,-398,-118,253,-168,27,5,-3,3086,17765,-6730,-2693,-0.20512135326862335,0.8097051978111267,0.5349653959274292,-0.11286034435033798
-39,899,-411,-118,253,-168,22,5,-5,3086,17758,-6715,-2692,-0.2053823471069336,0.8106365203857422,0.533597469329834,-0.11217362433671951
-41,888,-410,-110,254,-169,15,3,4,3086,17759,-6698,-2693,-0.20582278072834015,0.8114476203918457,0.5322551131248474,-0.11188007891178131
-53,888,-413,-110,254,-169,18,11,7,3086,17751,-6683,-2695,-0.20650114119052887,0.8121320009231567,0.5311102867126465,-0.11110076308250427
-28,895,-401,-110,254,-169,5,10,7,3086,17755,-6668,-2697,-0.2059241533279419,0.8125477433204651,0.5304919481277466,-0.11208279430866241
-30,909,-391,-110,254,-169,8,11,3,3086,17775,-6671,-2697,-0.20520244538784027,0.8118574023246765,0.5315788984298706,-0.11325038969516754
-23,893,-389,-110,254,-169,7,13,-5,3086,17792,-6673,-2698,-0.2043241560459137,0.8118497729301453,0.5315976142883301,-0.1147957518696785
-33,901,-398,-110,254,-169,12,15,-17,3086,17798,-6680,-2699,-0.20463256537914276,0.8116404414176941,0.5318313241004944,-0.11464488506317139
-37,895,-404,-110,254,-169,1,19,-21,3086,17796,-6667,-2701,-0.20523495972156525,0.8120502233505249,0.5311403870582581,-0.1138705462217331
-50,893,-391,-113,255,-169,0,19,-17,3086,17770,-6679,-2700,-0.20627152919769287,0.8114323616027832,0.5320797562599182,-0.11199966073036194
-48,897,-399,-113,255,-169,9,23,-1,3086,17739,-6697,-2699,-0.2072524130344391,0.8113447427749634,0.5321425795555115,-0.11051396280527115
-32,893,-419,-113,255,-169,7,18,8,3086,17722,-6691,-2699,-0.20772823691368103,0.8119406700134277,0.5312037467956543,-0.10975572466850281
-33,904,-396,-113,255,-169,0,8,12,3086,17728,-6679,-2698,-0.20694467425346375,0.8120136857032776,0.531223475933075,-0.11060192435979843
-26,903,-393,-113,255,-169,2,15,10,3086,17743,-6692,-2695,-0.20599891245365143,0.8110724687576294,0.5327958464622498,-0.11170877516269684
-30,916,-385,-113,255,-169,18,18,5,3086,17773,-6705,-2694,-0.20455217361450195,0.8100964426994324,0.5343446135520935,-0.11402318626642227
-25,907,-393,-113,255,-174,25,16,-3,3086,17793,-6722,-2696,-0.2041134238243103,0.809830367565155,0.5345905423164368,-0.11553327739238739
-39,908,-397,-113,255,-174,30,15,-4,3086,17798,-6704,-2706,-0.20518524944782257,0.8103839755058289,0.5334170460700989,-0.1151789054274559
-46,887,-395,-113,255,-174,37,12,3,3086,17782,-6697,-2713,-0.20648230612277985,0.8107513189315796,0.532550573348999,-0.11428143829107285
-40,887,-393,-113,255,-174,34,-4,11,3086,17764,-6685,-2718,-0.20744232833385468,0.811520516872406,0.5311923623085022,-0.11340025812387466
-40,895,-413,-113,255,-174,31,-1,11,3086,17763,-6664,-2722,-0.20795252919197083,0.8125156164169312,0.5295655131340027,-0.11294850707054138
-33,894,-420,-113,255,-174,20,-6,4,3086,17759,-6644,-2723,-0.20827220380306244,0.8133249878883362,0.5282727479934692,-0.11258412152528763
-24,898,-400,-113,255,-174,18,-7,2,3086,17761,-6637,-2724,-0.2078092396259308,0.8132722973823547,0.5283750891685486,-0.11334050446748734
-17,896,-399,-117,253,-166,16,0,1,3086,17763,-6660,-2717,-0.2068900316953659,0.811842679977417,0.5310420989990234,-0.11281537264585495
-36,900,-393,-117,253,-166,15,6,2,3086,17757,-6696,-2701,-0.20606030523777008,0.81045001745224,0.5336705446243286,-0.11193704605102539
-32,905,-385,-117,253,-166,21,-6,-1,3086,17747,-6723,-2690,-0.20521636307239532,0.8097019195556641,0.5351413488388062,-0.11187241971492767
-46,890,-408,-117,253,-166,25,-4,0,3086,17738,-6733,-2684,-0.20574259757995605,0.8101614117622375,0.5345414280891418,-0.11043869704008102
-46,907,-410,-117,253,-166,21,1,-3,3086,17730,-6727,-2680,-0.20595084130764008,0.8104227781295776,0.5342831611633301,-0.10937827825546265
-49,901,-405,-117,253,-166,16,8,-7,3086,17710,-6722,-2676,-0.2065020501613617,0.810888409614563,0.5336427092552185,-0.10800392925739288
-46,900,-403,-117,253,-166,10,-2,4,3086,17701,-6717,-2672,-0.2065819501876831,0.8108629584312439,0.5338543057441711,-0.10699399560689926
-40,896,-389,-118,258,-173,12,7,11,3086,17694,-6716,-2671,-0.20668883621692657,0.8110901117324829,0.5334191918373108,-0.10723305493593216
-36,905,-404,-118,258,-173,19,5,15,3086,17711,-6712,-2673,-0.20614580810070038,0.8114660382270813,0.5328263640403748,-0.10837610065937042
-20,905,-392,-118,258,-173,18,6,9,3086,17729,-6703,-2675,-0.20520907640457153,0.8116081357002258,0.5326517820358276,-0.10993658006191254
-27,904,-394,-118,258,-173,20,11,-1,3086,17752,-6696,-2676,-0.20426875352859497,0.8114638328552246,0.5329108238220215,-0.11148801445960999
-25,902,-397,-118,258,-173,22,12,-9,3086,17764,-6689,-2677,-0.2039673924446106,0.8118637204170227,0.5323002338409424,-0.11204317212104797
-34,898,-406,-118,258,-173,23,15,-18,3086,17771,-6677,-2677,-0.204111248254776,0.8121181726455688,0.5319138765335083,-0.11177223920822144
-41,889,-398,-118,258,-173,24,13,-23,3086,17762,-6684,-2676,-0.20455123484134674,0.8116376996040344,0.5326338410377502,-0.1110341027379036
-40,884,-392,-115,255,-170,33,11,-16,3086,17745,-6696,-2676,-0.2053402066230774,0.8117565512657166,0.5323715209960938,-0.10995448380708694
-31,912,-383,-115,255,-170,29,3,-6,3086,17739,-6699,-2677,-0.20482809841632843,0.8107268810272217,0.533976674079895,-0.11074002832174301
-50,897,-400,-115,255,-170,50,11,-12,3086,17742,-6714,-2678,-0.20534510910511017,0.8108086585998535,0.5337257981300354,-0.11037112027406693
-35,896,-395,-115,255,-170,41,0,-16,3086,17743,-6697,-2680,-0.20541071891784668,0.8116340041160583,0.5324382185935974,-0.1104011982679367
-27,904,-400,-115,255,-170,47,-2,-17,3086,17731,-6711,-2680,-0.20543847978115082,0.8111836910247803,0.5331196188926697,-0.1103740781545639
-20,912,-394,-115,255,-170,54,-3,-24,3086,17745,-6711,-2680,-0.20453786849975586,0.8109647631645203,0.5334843993186951,-0.11188989132642746
-24,906,-389,-110,261,-175,64,-14,-35,3086,17782,-6705,-2681,-0.20333603024482727,0.8110290765762329,0.5333567261695862,-0.11419236660003662
-24,895,-402,-110,261,-175,69,-20,-48,3086,17804,-6676,-2687,-0.2035081684589386,0.8122017979621887,0.5314111113548279,-0.11461979150772095
-46,894,-403,-110,261,-175,73,-8,-59,3086,17800,-6659,-2692,-0.20474180579185486,0.8126661777496338,0.5304791927337646,-0.11344502121210098
-57,875,-422,-110,261,-175,67,-1,-58,3086,17764,-6652,-2696,-0.20661169290542603,0.813534677028656,0.5289343595504761,-0.11101841926574707
-88,887,-425,-110,261,-175,48,-4,-29,3086,17734,-6637,-2698,-0.20844781398773193,0.8142801523208618,0.5276064276695251,-0.10841043293476105
-77,875,-435,-110,261,-175,26,-5,-3,3086,17697,-6630,-2699,-0.21004311740398407,0.8150405287742615,0.526295006275177,-0.10596318542957306
-70,881,-434,-110,261,-175,8,0,20,3086,17673,-6616,-2699,-0.2111414223909378,0.815788745880127,0.5250568985939026,-0.10414565354585648
-56,888,-413,-123,249,-167,0,-5,34,3086,17642,-6632,-2693,-0.21104732155799866,0.814560055732727,0.5273785591125488,-0.10221406817436218
-32,888,-400,-123,249,-167,0,-3,31,3086,17643,-6674,-2674,-0.20865090191364288,0.8132831454277039,0.5300273895263672,-0.1035938486456871
